x-axis,1,2,3,4
+29.998000E-06,-3.125000000000E+00,+265.625000000E-03,-112.999999896E-03,+9.804687500000E+00
+30.000000E-06,-3.117187500000E+00,+187.500000000E-03,-159.874999896E-03,+9.843750000000E+00
+30.002000E-06,-3.140625000000E+00,+156.250000000E-03,-198.937499896E-03,+9.765625000000E+00
+30.004000E-06,-3.164062500000E+00,+125.000000000E-03,-253.624999896E-03,+9.687500000000E+00
+30.006000E-06,-3.171875000000E+00,+93.750000000E-03,-300.499999896E-03,+9.804687500000E+00
+30.008000E-06,-3.164062500000E+00,+15.625000000E-03,-355.187499896E-03,+9.843750000000E+00
+30.010000E-06,-3.164062500000E+00,+15.625000000E-03,-386.437499896E-03,+9.726562500000E+00
+30.012000E-06,-3.179687500000E+00,-78.125000000E-03,-441.124999896E-03,+9.726562500000E+00
+30.014000E-06,-3.195312500000E+00,-93.750000000E-03,-511.437499896E-03,+9.804687500000E+00
+30.016000E-06,-3.187500000000E+00,-171.875000000E-03,-550.499999896E-03,+9.804687500000E+00
+30.018000E-06,-3.171875000000E+00,-171.875000000E-03,-605.187499896E-03,+9.765625000000E+00
+30.020000E-06,-3.156250000000E+00,-234.375000001E-03,-636.437499896E-03,+9.726562500000E+00
+30.022000E-06,-3.156250000000E+00,-312.500000000E-03,-683.312499896E-03,+9.726562500001E+00
+30.024000E-06,-3.187500000000E+00,-359.375000000E-03,-730.187499896E-03,+9.804687499999E+00
+30.026000E-06,-3.179687500000E+00,-359.375000001E-03,-792.687499896E-03,+9.687500000000E+00
+30.028000E-06,-3.179687500000E+00,-468.750000000E-03,-839.562499896E-03,+9.726562500001E+00
+30.030000E-06,-3.148437500000E+00,-500.000000000E-03,-855.187499896E-03,+9.843749999999E+00
+30.032000E-06,-3.156250000000E+00,-531.250000000E-03,-878.624999896E-03,+9.726562500000E+00
+30.034000E-06,-3.164062500000E+00,-546.875000001E-03,-933.312499896E-03,+9.687500000000E+00
+30.036000E-06,-3.179687500000E+00,-609.375000001E-03,-995.812499896E-03,+9.687500000001E+00
+30.038000E-06,-3.148437500000E+00,-671.875000001E-03,-1.066124999896E+00,+9.765625000000E+00
+30.040000E-06,-3.140625000000E+00,-734.375000001E-03,-1.112999999896E+00,+9.804687499999E+00
+30.042000E-06,-3.125000000000E+00,-781.250000001E-03,-1.144249999896E+00,+9.726562500000E+00
+30.044000E-06,-3.156250000000E+00,-843.750000001E-03,-1.159874999896E+00,+9.687500000002E+00
+30.046000E-06,-3.148437500000E+00,-890.625000000E-03,-1.206749999896E+00,+9.804687500000E+00
+30.048000E-06,-3.132812499999E+00,-921.875000000E-03,-1.245812499897E+00,+9.804687499999E+00
+30.050000E-06,-3.093750000000E+00,-953.125000001E-03,-1.308312499896E+00,+9.726562499999E+00
+30.052000E-06,-3.093750000000E+00,-1.015625000001E+00,-1.316124999897E+00,+9.648437499999E+00
+30.054000E-06,-3.093750000000E+00,-1.078125000001E+00,-1.370812499896E+00,+9.570312499993E+00
+30.056000E-06,-3.101562500000E+00,-1.125000000001E+00,-1.417687499897E+00,+9.140624999988E+00
+30.058000E-06,-3.085937499999E+00,-1.187500000001E+00,-1.487999999896E+00,+8.398437499986E+00
+30.060000E-06,-3.054687499999E+00,-1.265625000001E+00,-1.519249999896E+00,+7.578124999987E+00
+30.062000E-06,-3.015625000000E+00,-1.328125000001E+00,-1.558312499896E+00,+6.835937499988E+00
+30.064000E-06,-2.992187500000E+00,-1.406249999999E+00,-1.566124999897E+00,+6.171874999990E+00
+30.066000E-06,-2.992187500000E+00,-1.343750000000E+00,-1.620812499896E+00,+5.624999999991E+00
+30.068000E-06,-3.000000000000E+00,-1.343750000001E+00,-1.659874999896E+00,+5.117187499989E+00
+30.070000E-06,-2.984375000000E+00,-1.421875000002E+00,-1.691124999896E+00,+4.531249999993E+00
+30.072000E-06,-2.968750000000E+00,-1.546875000001E+00,-1.714562499897E+00,+4.179687499991E+00
+30.074000E-06,-2.960937500000E+00,-1.609375000001E+00,-1.769249999896E+00,+3.749999999993E+00
+30.076000E-06,-2.945312500000E+00,-1.640624999999E+00,-1.800499999896E+00,+3.398437499995E+00
+30.078000E-06,-2.937499999999E+00,-1.609375000002E+00,-1.800499999896E+00,+3.164062499992E+00
+30.080000E-06,-2.906249999999E+00,-1.703125000001E+00,-1.823937499897E+00,+2.812499999993E+00
+30.082000E-06,-2.882812500000E+00,-1.734375000002E+00,-1.902062499896E+00,+2.499999999995E+00
+30.084000E-06,-2.867187500000E+00,-1.828125000000E+00,-1.933312499896E+00,+2.265624999996E+00
+30.086000E-06,-2.851562499999E+00,-1.843750000003E+00,-1.956749999896E+00,+2.070312499998E+00
+30.088000E-06,-2.812499999999E+00,-1.953125000001E+00,-1.980187499896E+00,+1.992187499993E+00
+30.090000E-06,-2.773437500000E+00,-1.984375000002E+00,-2.011437499897E+00,+1.718749999994E+00
+30.092000E-06,-2.757812500000E+00,-2.062500000001E+00,-2.058312499896E+00,+1.484374999998E+00
+30.094000E-06,-2.750000000000E+00,-2.093750000002E+00,-2.089562499896E+00,+1.406249999997E+00
+30.096000E-06,-2.734374999999E+00,-2.187500000001E+00,-2.112999999896E+00,+1.289062499997E+00
+30.098000E-06,-2.695312499999E+00,-2.218750000001E+00,-2.136437499897E+00,+1.171874999996E+00
+30.100000E-06,-2.671874999999E+00,-2.265625000002E+00,-2.167687499897E+00,+1.015624999998E+00
+30.102000E-06,-2.632812500000E+00,-2.328125000003E+00,-2.198937499897E+00,+937.499999997E-03
+30.104000E-06,-2.617187500000E+00,-2.421875000000E+00,-2.245812499897E+00,+820.312499998E-03
+30.106000E-06,-2.601562500000E+00,-2.421875000002E+00,-2.292687499897E+00,+742.187499998E-03
+30.108000E-06,-2.593749999999E+00,-2.500000000001E+00,-2.323937499897E+00,+664.062499999E-03
+30.110000E-06,-2.554687500000E+00,-2.546875000003E+00,-2.355187499896E+00,+624.999999999E-03
+30.112000E-06,-2.546874999999E+00,-2.640625000002E+00,-2.362999999897E+00,+585.937499998E-03
+30.114000E-06,-2.507812499999E+00,-2.703125000001E+00,-2.417687499897E+00,+507.812499995E-03
+30.116000E-06,-2.476562499999E+00,-2.734375000001E+00,-2.464562499897E+00,+351.562500001E-03
+30.118000E-06,-2.429687500000E+00,-2.765625000002E+00,-2.495812499897E+00,+390.624999998E-03
+30.120000E-06,-2.414062499998E+00,-2.828125000001E+00,-2.527062499896E+00,+312.500000000E-03
+30.122000E-06,-2.359374999999E+00,-2.859375000003E+00,-2.550499999896E+00,+312.499999995E-03
+30.124000E-06,-2.343749999999E+00,-2.937500000001E+00,-2.573937499896E+00,+156.250000001E-03
+30.126000E-06,-2.304687499999E+00,-2.968750000002E+00,-2.581749999897E+00,+195.312500001E-03
+30.128000E-06,-2.273437499998E+00,-3.015625000001E+00,-2.612999999897E+00,+234.374999997E-03
+30.130000E-06,-2.218749999999E+00,-3.046875000003E+00,-2.652062499897E+00,+156.250000000E-03
+30.132000E-06,-2.203124999999E+00,-3.125000000003E+00,-2.683312499896E+00,+156.249999999E-03
+30.134000E-06,-2.179687499999E+00,-3.218750000001E+00,-2.683312499896E+00,+117.187500000E-03
+30.136000E-06,-2.156249999998E+00,-3.234375000003E+00,-2.683312499897E+00,+117.187499996E-03
+30.138000E-06,-2.109374999998E+00,-3.312500000002E+00,-2.714562499896E+00,+1E-12
+30.140000E-06,-2.062499999998E+00,-3.359375000003E+00,-2.730187499897E+00,+39.062499997E-03
+30.142000E-06,-2.015624999999E+00,-3.437500000002E+00,-2.753624999896E+00,-39.062499999E-03
+30.144000E-06,-1.999999999999E+00,-3.500000000001E+00,-2.761437499897E+00,-3E-12
+30.146000E-06,-1.960937499999E+00,-3.515625000001E+00,-2.784874999896E+00,-78.125000000E-03
+30.148000E-06,-1.929687499999E+00,-3.531250000002E+00,-2.784874999896E+00,-78.124999997E-03
+30.150000E-06,-1.898437499999E+00,-3.593750000002E+00,-2.800499999896E+00,-2E-12
+30.152000E-06,-1.867187499998E+00,-3.656250000003E+00,-2.808312499896E+00,-39.062500003E-03
+30.154000E-06,-1.812499999999E+00,-3.734374999999E+00,-2.816124999896E+00,-117.187500002E-03
+30.156000E-06,-1.796874999999E+00,-3.718750000004E+00,-2.831749999896E+00,-156.249999998E-03
+30.158000E-06,-1.765624999998E+00,-3.812500000003E+00,-2.831749999896E+00,-117.187499998E-03
+30.160000E-06,-1.726562499998E+00,-3.875000000001E+00,-2.831749999896E+00,-78.125000002E-03
+30.162000E-06,-1.671874999999E+00,-3.906250000003E+00,-2.839562499896E+00,-117.187499998E-03
+30.164000E-06,-1.640624999998E+00,-3.968750000003E+00,-2.847374999896E+00,-78.125000000E-03
+30.166000E-06,-1.601562499999E+00,-4.031250000003E+00,-2.847374999895E+00,-78.124999997E-03
+30.168000E-06,-1.570312499998E+00,-4.093750000000E+00,-2.831749999898E+00,-5E-12
+30.170000E-06,-1.531249999997E+00,-4.093750000003E+00,-2.878624999896E+00,-117.187500000E-03
+30.172000E-06,-1.460937499999E+00,-4.171875000001E+00,-2.878624999896E+00,-117.187500000E-03
+30.174000E-06,-1.429687499999E+00,-4.203125000001E+00,-2.878624999896E+00,-117.187499998E-03
+30.176000E-06,-1.406249999998E+00,-4.218750000001E+00,-2.878624999896E+00,-78.125000005E-03
+30.178000E-06,-1.367187499998E+00,-4.234375000003E+00,-2.878624999896E+00,-195.312499996E-03
+30.180000E-06,-1.328124999996E+00,-4.296875000000E+00,-2.878624999896E+00,-117.187500000E-03
+30.182000E-06,-1.242187499999E+00,-4.296875000004E+00,-2.886437499897E+00,-117.187499998E-03
+30.184000E-06,-1.210937499999E+00,-4.390624999999E+00,-2.917687499895E+00,-78.125000004E-03
+30.186000E-06,-1.179687499998E+00,-4.374999999999E+00,-2.909874999896E+00,-156.249999998E-03
+30.188000E-06,-1.140624999998E+00,-4.359375000000E+00,-2.909874999895E+00,-117.187499998E-03
+30.190000E-06,-1.101562499998E+00,-4.359375000002E+00,-2.894249999896E+00,-78.125000000E-03
+30.192000E-06,-1.054687499998E+00,-4.390624999999E+00,-2.902062499896E+00,-78.125000002E-03
+30.194000E-06,-1.015624999998E+00,-4.374999999999E+00,-2.909874999896E+00,-117.187500004E-03
+30.196000E-06,-968.749999998E-03,-4.359374999999E+00,-2.909874999894E+00,-195.312499998E-03
+30.198000E-06,-937.499999997E-03,-4.343749999998E+00,-2.878624999895E+00,-156.249999996E-03
+30.200000E-06,-882.812499998E-03,-4.296874999996E+00,-2.870812499897E+00,-78.125000004E-03
+30.202000E-06,-835.937499997E-03,-4.218750000000E+00,-2.902062499896E+00,-156.249999994E-03
+30.204000E-06,-781.249999998E-03,-4.218749999998E+00,-2.909874999894E+00,-39.062500004E-03
+30.206000E-06,-749.999999999E-03,-4.187500000001E+00,-2.886437499896E+00,-117.187499996E-03
+30.208000E-06,-726.562499997E-03,-4.203124999994E+00,-2.886437499895E+00,-39.062500004E-03
+30.210000E-06,-679.687499997E-03,-4.093749999999E+00,-2.878624999896E+00,-117.187500000E-03
+30.212000E-06,-624.999999997E-03,-4.078124999994E+00,-2.878624999896E+00,-117.187499998E-03
+30.214000E-06,-570.312499998E-03,-3.968749999999E+00,-2.878624999895E+00,-78.124999998E-03
+30.216000E-06,-539.062499997E-03,-3.953124999997E+00,-2.870812499895E+00,-39.062500007E-03
+30.218000E-06,-484.374999999E-03,-3.890624999998E+00,-2.862999999896E+00,-156.249999998E-03
+30.220000E-06,-460.937499997E-03,-3.859374999996E+00,-2.862999999896E+00,-117.187499993E-03
+30.222000E-06,-414.062499997E-03,-3.781249999998E+00,-2.870812499895E+00,+0.0E+00
+30.224000E-06,-359.374999996E-03,-3.749999999998E+00,-2.862999999896E+00,-7E-12
+30.226000E-06,-296.874999999E-03,-3.718749999996E+00,-2.870812499895E+00,-117.187499998E-03
+30.228000E-06,-273.437499999E-03,-3.656249999996E+00,-2.862999999895E+00,-78.125000000E-03
+30.230000E-06,-249.999999998E-03,-3.593749999997E+00,-2.847374999896E+00,-78.125000002E-03
+30.232000E-06,-210.937499997E-03,-3.546874999998E+00,-2.847374999897E+00,-117.187499998E-03
+30.234000E-06,-156.249999996E-03,-3.515624999992E+00,-2.870812499894E+00,-78.125000000E-03
+30.236000E-06,-93.749999998E-03,-3.390625000002E+00,-2.839562499895E+00,-78.125000002E-03
+30.238000E-06,-54.687499998E-03,-3.421874999998E+00,-2.831749999896E+00,-117.187500000E-03
+30.240000E-06,-15.624999999E-03,-3.390624999996E+00,-2.831749999895E+00,-117.187499995E-03
+30.242000E-06,+5E-12,-3.328124999995E+00,-2.823937499897E+00,-39.062500010E-03
+30.244000E-06,+78.125000002E-03,-3.250000000001E+00,-2.839562499894E+00,-195.312499990E-03
+30.246000E-06,+109.375000003E-03,-3.265624999998E+00,-2.816124999897E+00,-39.062499993E-03
+30.248000E-06,+164.062500002E-03,-3.234374999997E+00,-2.831749999895E+00,+78.124999993E-03
+30.250000E-06,+203.125000003E-03,-3.187499999997E+00,-2.816124999896E+00,-39.062500005E-03
+30.252000E-06,+250.000000003E-03,-3.140625000000E+00,-2.823937499897E+00,-117.187499997E-03
+30.254000E-06,+289.062500003E-03,-3.140624999997E+00,-2.839562499895E+00,-78.125000003E-03
+30.256000E-06,+328.125000004E-03,-3.093749999997E+00,-2.831749999896E+00,-117.187500003E-03
+30.258000E-06,+390.625000003E-03,-3.046874999999E+00,-2.839562499894E+00,-156.249999992E-03
+30.260000E-06,+429.687500003E-03,-3.031249999999E+00,-2.816124999896E+00,-39.062499990E-03
+30.262000E-06,+476.562500003E-03,-3.015624999997E+00,-2.816124999896E+00,+117.187500021E-03
+30.264000E-06,+515.625000002E-03,-2.968749999999E+00,-2.823937499895E+00,+429.687500040E-03
+30.266000E-06,+539.062500004E-03,-2.953124999993E+00,-2.808312499897E+00,+1.015625000059E+00
+30.268000E-06,+593.750000001E-03,-2.843749999998E+00,-2.831749999896E+00,+1.875000000056E+00
+30.270000E-06,+609.375000004E-03,-2.812500000001E+00,-2.839562499895E+00,+2.695312500049E+00
+30.272000E-06,+671.875000001E-03,-2.828124999999E+00,-2.823937499896E+00,+3.398437500041E+00
+30.274000E-06,+679.687500002E-03,-2.812499999998E+00,-2.831749999898E+00,+3.984375000036E+00
+30.276000E-06,+710.937500004E-03,-2.781249999999E+00,-2.862999999894E+00,+4.492187500039E+00
+30.278000E-06,+765.625000007E-03,-2.765625000000E+00,-2.839562499894E+00,+5.039062500025E+00
+30.280000E-06,+859.375000003E-03,-2.765624999994E+00,-2.816124999893E+00,+5.390625000031E+00
+30.282000E-06,+906.250000004E-03,-2.687499999998E+00,-2.784874999896E+00,+5.820312500020E+00
+30.284000E-06,+960.937500001E-03,-2.656250000000E+00,-2.792687499897E+00,+6.093750000031E+00
+30.286000E-06,+976.562500002E-03,-2.656250000000E+00,-2.816124999895E+00,+6.523437500020E+00
+30.288000E-06,+1.000000000005E+00,-2.656249999998E+00,-2.808312499895E+00,+6.796875000023E+00
+30.290000E-06,+1.062500000005E+00,-2.625000000000E+00,-2.800499999893E+00,+7.109375000017E+00
+30.292000E-06,+1.132812500002E+00,-2.625000000001E+00,-2.761437499893E+00,+7.343750000018E+00
+30.294000E-06,+1.164062500000E+00,-2.640625000000E+00,-2.730187499897E+00,+7.578125000012E+00
+30.296000E-06,+1.164062500005E+00,-2.640624999999E+00,-2.745812499895E+00,+7.734375000012E+00
+30.298000E-06,+1.226562500002E+00,-2.625000000004E+00,-2.730187499893E+00,+7.890625000018E+00
+30.300000E-06,+1.257812500004E+00,-2.671874999999E+00,-2.691124999893E+00,+8.125000000015E+00
+30.302000E-06,+1.304687500002E+00,-2.656250000002E+00,-2.652062499892E+00,+8.320312500009E+00
+30.304000E-06,+1.335937500002E+00,-2.687499999999E+00,-2.605187499893E+00,+8.437500000000E+00
+30.306000E-06,+1.367187500002E+00,-2.671874999999E+00,-2.566124999893E+00,+8.437500000009E+00
+30.308000E-06,+1.398437500004E+00,-2.656250000001E+00,-2.527062499892E+00,+8.554687500018E+00
+30.310000E-06,+1.453125000004E+00,-2.671874999995E+00,-2.480187499891E+00,+8.789062500000E+00
+30.312000E-06,+1.507812500001E+00,-2.609375000000E+00,-2.417687499891E+00,+8.789062500012E+00
+30.314000E-06,+1.515625000004E+00,-2.609375000000E+00,-2.362999999889E+00,+8.945312500003E+00
+30.316000E-06,+1.562500000003E+00,-2.609374999997E+00,-2.284874999892E+00,+8.984375000013E+00
+30.318000E-06,+1.593750000004E+00,-2.578124999995E+00,-2.237999999890E+00,+9.140624999997E+00
+30.320000E-06,+1.648437500004E+00,-2.515624999995E+00,-2.167687499891E+00,+9.101562500010E+00
+30.322000E-06,+1.695312500004E+00,-2.453124999996E+00,-2.112999999889E+00,+9.218749999997E+00
+30.324000E-06,+1.742187499999E+00,-2.406249999995E+00,-2.027062499889E+00,+9.179687500006E+00
+30.326000E-06,+1.726562500001E+00,-2.343749999997E+00,-1.948937499890E+00,+9.257812500010E+00
+30.328000E-06,+1.742187500003E+00,-2.312499999992E+00,-1.886437499890E+00,+9.374999999997E+00
+30.330000E-06,+1.773437500005E+00,-2.218749999993E+00,-1.816124999888E+00,+9.335937500013E+00
+30.332000E-06,+1.828125000003E+00,-2.140624999993E+00,-1.730187499892E+00,+9.492187500000E+00
+30.334000E-06,+1.859375000001E+00,-2.062499999993E+00,-1.683312499888E+00,+9.492187500007E+00
+30.336000E-06,+1.875000000004E+00,-1.984374999993E+00,-1.597374999891E+00,+9.570312499993E+00
+30.338000E-06,+1.921875000003E+00,-1.906249999993E+00,-1.542687499888E+00,+9.492187500007E+00
+30.340000E-06,+1.960937500001E+00,-1.828124999991E+00,-1.456749999889E+00,+9.570312500010E+00
+30.342000E-06,+1.976562500003E+00,-1.718749999992E+00,-1.378624999888E+00,+9.687499999997E+00
+30.344000E-06,+2.015625000001E+00,-1.624999999989E+00,-1.292687499892E+00,+9.648437499997E+00
+30.346000E-06,+2.031250000003E+00,-1.499999999993E+00,-1.253624999887E+00,+9.609374999997E+00
+30.348000E-06,+2.062500000001E+00,-1.421874999990E+00,-1.159874999889E+00,+9.570312500017E+00
+30.350000E-06,+2.078125000002E+00,-1.312499999990E+00,-1.081749999885E+00,+9.765624999993E+00
+30.352000E-06,+2.101562500006E+00,-1.203124999993E+00,-956.749999890E-03,+9.687500000007E+00
+30.354000E-06,+2.164062500003E+00,-1.124999999993E+00,-894.249999891E-03,+9.765624999993E+00
+30.356000E-06,+2.195312500003E+00,-1.046874999990E+00,-839.562499887E-03,+9.687500000004E+00
+30.358000E-06,+2.226562500001E+00,-937.499999997E-03,-745.812499889E-03,+9.726562500004E+00
+30.360000E-06,+2.234375000001E+00,-906.249999989E-03,-667.687499889E-03,+9.765624999993E+00
+30.362000E-06,+2.242187500004E+00,-781.249999990E-03,-589.562499887E-03,+9.687500000000E+00
+30.364000E-06,+2.281250000003E+00,-671.874999991E-03,-495.812499892E-03,+9.687500000007E+00
+30.366000E-06,+2.312500000001E+00,-578.124999994E-03,-456.749999886E-03,+9.765624999996E+00
+30.368000E-06,+2.320312500001E+00,-515.624999993E-03,-355.187499893E-03,+9.726562499996E+00
+30.370000E-06,+2.335937500004E+00,-437.499999993E-03,-323.937499887E-03,+9.687500000000E+00
+30.372000E-06,+2.375000000001E+00,-359.374999991E-03,-230.187499891E-03,+9.687500000007E+00
+30.374000E-06,+2.382812500001E+00,-265.624999993E-03,-183.312499888E-03,+9.765625000000E+00
+30.376000E-06,+2.398437500001E+00,-187.499999994E-03,-97.374999893E-03,+9.765624999996E+00
+30.378000E-06,+2.406250000001E+00,-124.999999991E-03,-66.124999887E-03,+9.726562499996E+00
+30.380000E-06,+2.414062500004E+00,-31.249999991E-03,+19.812500111E-03,+9.687500000015E+00
+30.382000E-06,+2.453125000001E+00,+62.500000006E-03,+90.125000113E-03,+9.843749999996E+00
+30.384000E-06,+2.460937500002E+00,+125.000000012E-03,+183.875000107E-03,+9.804687499989E+00
+30.386000E-06,+2.484375000002E+00,+250.000000008E-03,+215.125000110E-03,+9.687500000000E+00
+30.388000E-06,+2.507812500003E+00,+328.125000012E-03,+277.625000109E-03,+9.687500000012E+00
+30.390000E-06,+2.539062500000E+00,+453.125000008E-03,+324.500000111E-03,+9.804687499996E+00
+30.392000E-06,+2.539062500000E+00,+531.250000011E-03,+387.000000111E-03,+9.765624999996E+00
+30.394000E-06,+2.539062500003E+00,+640.625000005E-03,+457.312500111E-03,+9.726562499992E+00
+30.396000E-06,+2.570312500002E+00,+687.500000011E-03,+527.625000110E-03,+9.648437500016E+00
+30.398000E-06,+2.585937500002E+00,+796.875000009E-03,+582.312500111E-03,+9.804687500000E+00
+30.400000E-06,+2.601562499999E+00,+890.625000008E-03,+644.812500107E-03,+9.804687499996E+00
+30.402000E-06,+2.593750000003E+00,+968.750000013E-03,+676.062500112E-03,+9.765624999992E+00
+30.404000E-06,+2.625000000000E+00,+1.093750000005E+00,+754.187500108E-03,+9.687500000020E+00
+30.406000E-06,+2.624999999999E+00,+1.140625000006E+00,+793.250000111E-03,+9.882812499992E+00
+30.408000E-06,+2.617187500002E+00,+1.203125000010E+00,+855.750000109E-03,+9.804687500004E+00
+30.410000E-06,+2.640625000002E+00,+1.296875000007E+00,+902.625000110E-03,+9.843749999992E+00
+30.412000E-06,+2.664062500002E+00,+1.359375000008E+00,+957.312500110E-03,+9.765625000008E+00
+30.414000E-06,+2.687500000000E+00,+1.437500000007E+00,+1.012000000111E+00,+9.843749999996E+00
+30.416000E-06,+2.687499999997E+00,+1.500000000010E+00,+1.074500000108E+00,+9.804687500000E+00
+30.418000E-06,+2.656250000002E+00,+1.593750000007E+00,+1.113562500110E+00,+9.804687499996E+00
+30.420000E-06,+2.671875000002E+00,+1.656250000010E+00,+1.168250000109E+00,+9.765625000013E+00
+30.422000E-06,+2.687500000003E+00,+1.750000000003E+00,+1.215125000111E+00,+9.882812499992E+00
+30.424000E-06,+2.710937499997E+00,+1.781250000012E+00,+1.277625000108E+00,+9.804687500008E+00
+30.426000E-06,+2.687499999999E+00,+1.890625000015E+00,+1.308875000110E+00,+9.882812499992E+00
+30.428000E-06,+2.679687500001E+00,+2.031250000003E+00,+1.363562500111E+00,+9.804687500004E+00
+30.430000E-06,+2.687499999999E+00,+2.062500000005E+00,+1.426062500109E+00,+9.843749999996E+00
+30.432000E-06,+2.679687500002E+00,+2.109375000005E+00,+1.472937500103E+00,+9.804687499996E+00
+30.434000E-06,+2.695312500001E+00,+2.156250000010E+00,+1.465125000112E+00,+9.765625000004E+00
+30.436000E-06,+2.703124999998E+00,+2.250000000005E+00,+1.535437500110E+00,+9.804687500009E+00
+30.438000E-06,+2.687500000000E+00,+2.296875000005E+00,+1.590125000110E+00,+9.882812499996E+00
+30.440000E-06,+2.687500000000E+00,+2.343750000007E+00,+1.644812500106E+00,+9.843749999991E+00
+30.442000E-06,+2.687500000004E+00,+2.406250000002E+00,+1.660437500108E+00,+9.765625000009E+00
+30.444000E-06,+2.718749999997E+00,+2.421875000011E+00,+1.691687500109E+00,+9.843750000000E+00
+30.446000E-06,+2.695312499997E+00,+2.515625000004E+00,+1.730750000111E+00,+9.843749999991E+00
+30.448000E-06,+2.671875000000E+00,+2.546875000004E+00,+1.793250000108E+00,+9.765624999996E+00
+30.450000E-06,+2.671875000001E+00,+2.578125000004E+00,+1.824500000108E+00,+9.726562499991E+00
+30.452000E-06,+2.679687500000E+00,+2.609375000002E+00,+1.855750000109E+00,+9.648437500018E+00
+30.454000E-06,+2.679687499998E+00,+2.625000000000E+00,+1.894812500108E+00,+9.804687500000E+00
+30.456000E-06,+2.664062499998E+00,+2.625000000004E+00,+1.926062500108E+00,+9.804687500000E+00
+30.458000E-06,+2.648437499998E+00,+2.656250000009E+00,+1.957312500107E+00,+9.804687499991E+00
+30.460000E-06,+2.632812500002E+00,+2.734375000004E+00,+1.980750000106E+00,+9.726562500014E+00
+30.462000E-06,+2.648437499998E+00,+2.765625000000E+00,+1.996375000109E+00,+9.843749999995E+00
+30.464000E-06,+2.632812499998E+00,+2.765625000000E+00,+2.035437500105E+00,+9.804687500000E+00
+30.466000E-06,+2.617187500001E+00,+2.765625000004E+00,+2.043250000110E+00,+9.804687499986E+00
+30.468000E-06,+2.624999999996E+00,+2.796875000006E+00,+2.090125000108E+00,+9.687499999986E+00
+30.470000E-06,+2.593749999999E+00,+2.843750000002E+00,+2.121375000109E+00,+9.570312499981E+00
+30.472000E-06,+2.585937500000E+00,+2.859375000002E+00,+2.160437500105E+00,+9.414062499916E+00
+30.474000E-06,+2.585937500002E+00,+2.875000000004E+00,+2.168250000107E+00,+8.710937499906E+00
+30.476000E-06,+2.601562499998E+00,+2.906249999991E+00,+2.191687500104E+00,+7.929687499910E+00
+30.478000E-06,+2.585937499996E+00,+2.828125000009E+00,+2.191687500108E+00,+7.187499999901E+00
+30.480000E-06,+2.554687499998E+00,+2.906250000004E+00,+2.222937500104E+00,+6.367187499924E+00
+30.482000E-06,+2.539062500001E+00,+2.937500000010E+00,+2.222937500107E+00,+5.742187499943E+00
+30.484000E-06,+2.546874999995E+00,+3.015624999994E+00,+2.246375000108E+00,+5.273437499947E+00
+30.486000E-06,+2.507812499993E+00,+2.968750000006E+00,+2.277625000106E+00,+4.843749999947E+00
+30.488000E-06,+2.453124999996E+00,+3.015624999994E+00,+2.293250000103E+00,+4.414062499942E+00
+30.490000E-06,+2.421875000002E+00,+2.968750000006E+00,+2.285437500106E+00,+3.945312499952E+00
+30.492000E-06,+2.437500000003E+00,+3.015625000004E+00,+2.301062500107E+00,+3.554687499966E+00
+30.494000E-06,+2.460937499995E+00,+3.046875000002E+00,+2.324500000106E+00,+3.281249999956E+00
+30.496000E-06,+2.421874999998E+00,+3.062500000000E+00,+2.340125000103E+00,+2.929687499961E+00
+30.498000E-06,+2.406249999998E+00,+3.062500000008E+00,+2.332312500108E+00,+2.617187499970E+00
+30.500000E-06,+2.390624999995E+00,+3.124999999998E+00,+2.363562500105E+00,+2.382812499975E+00
+30.502000E-06,+2.351562499998E+00,+3.109375000000E+00,+2.371375000109E+00,+2.187499999975E+00
+30.504000E-06,+2.335937499996E+00,+3.109374999996E+00,+2.410437500107E+00,+1.992187499980E+00
+30.506000E-06,+2.304687500003E+00,+3.078125000008E+00,+2.433875000105E+00,+1.835937499975E+00
+30.508000E-06,+2.328124999998E+00,+3.140625000000E+00,+2.441687500105E+00,+1.640624999980E+00
+30.510000E-06,+2.312499999995E+00,+3.140625000000E+00,+2.449500000107E+00,+1.484374999985E+00
+30.512000E-06,+2.273437499993E+00,+3.140624999998E+00,+2.472937500105E+00,+1.367187499980E+00
+30.514000E-06,+2.218750000000E+00,+3.125000000002E+00,+2.480750000105E+00,+1.210937499985E+00
+30.516000E-06,+2.218750000000E+00,+3.140624999998E+00,+2.488562500108E+00,+1.093749999990E+00
+30.518000E-06,+2.218749999997E+00,+3.125000000000E+00,+2.519812500108E+00,+1.015624999980E+00
+30.520000E-06,+2.195312499994E+00,+3.125000000002E+00,+2.551062500102E+00,+859.374999985E-03
+30.522000E-06,+2.148437499997E+00,+3.140624999994E+00,+2.535437500105E+00,+742.187499995E-03
+30.524000E-06,+2.124999999997E+00,+3.093749999996E+00,+2.543250000103E+00,+703.124999985E-03
+30.526000E-06,+2.101562499993E+00,+3.062500000004E+00,+2.535437500107E+00,+585.937500000E-03
+30.528000E-06,+2.046874999996E+00,+3.093749999996E+00,+2.558875000105E+00,+585.937500000E-03
+30.530000E-06,+2.015624999997E+00,+3.062499999998E+00,+2.566687500104E+00,+585.937499976E-03
+30.532000E-06,+1.992187499998E+00,+3.046874999996E+00,+2.566687500101E+00,+390.625000005E-03
+30.534000E-06,+1.976562499992E+00,+3.015625000004E+00,+2.543250000104E+00,+429.687499986E-03
+30.536000E-06,+1.914062499998E+00,+3.046874999992E+00,+2.543250000107E+00,+312.499999995E-03
+30.538000E-06,+1.898437499998E+00,+2.984375000004E+00,+2.566687500104E+00,+273.437499995E-03
+30.540000E-06,+1.882812499997E+00,+3.015624999994E+00,+2.566687500104E+00,+234.375000005E-03
+30.542000E-06,+1.859374999996E+00,+2.968750000002E+00,+2.566687500106E+00,+273.437500000E-03
+30.544000E-06,+1.828124999995E+00,+2.984374999996E+00,+2.582312500103E+00,+273.437499986E-03
+30.546000E-06,+1.789062499996E+00,+2.953125000000E+00,+2.566687500104E+00,+156.249999996E-03
+30.548000E-06,+1.750000000000E+00,+2.953124999995E+00,+2.566687500103E+00,+117.187500004E-03
+30.550000E-06,+1.749999999995E+00,+2.906250000004E+00,+2.551062500104E+00,+156.250000000E-03
+30.552000E-06,+1.703124999994E+00,+2.937499999995E+00,+2.551062500106E+00,+156.249999991E-03
+30.554000E-06,+1.648437499996E+00,+2.890625000005E+00,+2.566687500103E+00,+78.124999991E-03
+30.556000E-06,+1.609374999997E+00,+2.937499999995E+00,+2.558875000101E+00,+0.0E+00
+30.558000E-06,+1.578124999997E+00,+2.890625000002E+00,+2.527625000104E+00,+4E-12
+30.560000E-06,+1.554687499995E+00,+2.906250000000E+00,+2.527625000107E+00,+39.062500000E-03
+30.562000E-06,+1.507812499998E+00,+2.906249999998E+00,+2.551062500105E+00,+39.062499996E-03
+30.564000E-06,+1.492187499996E+00,+2.890624999997E+00,+2.558875000105E+00,-4E-12
+30.566000E-06,+1.453124999994E+00,+2.859375000002E+00,+2.566687500106E+00,-39.062499996E-03
+30.568000E-06,+1.390624999996E+00,+2.874999999994E+00,+2.582312500100E+00,-12E-12
+30.570000E-06,+1.351562499997E+00,+2.812500000000E+00,+2.535437500105E+00,-117.187499980E-03
+30.572000E-06,+1.320312499998E+00,+2.812499999998E+00,+2.543250000105E+00,+78.124999992E-03
+30.574000E-06,+1.296874999996E+00,+2.796874999998E+00,+2.551062500104E+00,+8E-12
+30.576000E-06,+1.257812499996E+00,+2.781250000000E+00,+2.543250000102E+00,+78.124999981E-03
+30.578000E-06,+1.218749999998E+00,+2.781249999999E+00,+2.519812500107E+00,-117.187499989E-03
+30.580000E-06,+1.195312499996E+00,+2.765624999996E+00,+2.543250000104E+00,-4E-12
+30.582000E-06,+1.156249999996E+00,+2.718750000000E+00,+2.535437500104E+00,-39.062499996E-03
+30.584000E-06,+1.109374999997E+00,+2.718749999999E+00,+2.527625000106E+00,-7E-12
+30.586000E-06,+1.078124999997E+00,+2.703125000000E+00,+2.551062500102E+00,-78.125000000E-03
+30.588000E-06,+1.046874999994E+00,+2.703125000001E+00,+2.527625000105E+00,-78.125000003E-03
+30.590000E-06,+976.562499997E-03,+2.718749999997E+00,+2.535437500105E+00,-117.187499993E-03
+30.592000E-06,+937.499999998E-03,+2.687499999999E+00,+2.543250000103E+00,-39.062500003E-03
+30.594000E-06,+914.062499997E-03,+2.671875000000E+00,+2.527625000104E+00,-78.125000003E-03
+30.596000E-06,+874.999999995E-03,+2.671874999997E+00,+2.527625000103E+00,-117.187499997E-03
+30.598000E-06,+812.499999995E-03,+2.640624999996E+00,+2.512000000106E+00,-78.125000000E-03
+30.600000E-06,+749.999999999E-03,+2.593749999997E+00,+2.527625000105E+00,-78.125000006E-03
+30.602000E-06,+734.374999997E-03,+2.562500000003E+00,+2.535437500103E+00,-156.249999991E-03
+30.604000E-06,+695.312499996E-03,+2.593749999996E+00,+2.519812500105E+00,-39.062500003E-03
+30.606000E-06,+648.437499997E-03,+2.546875000001E+00,+2.527625000103E+00,-78.125000000E-03
+30.608000E-06,+609.374999996E-03,+2.562499999999E+00,+2.512000000103E+00,-78.125000003E-03
+30.610000E-06,+554.687499999E-03,+2.546874999999E+00,+2.488562500106E+00,-117.187499997E-03
+30.612000E-06,+539.062499996E-03,+2.531249999999E+00,+2.512000000105E+00,-78.125000006E-03
+30.614000E-06,+484.374999998E-03,+2.515625000000E+00,+2.519812500104E+00,-156.249999991E-03
+30.616000E-06,+453.124999997E-03,+2.515624999999E+00,+2.519812500103E+00,-39.062500006E-03
+30.618000E-06,+414.062499997E-03,+2.500000000000E+00,+2.504187500103E+00,-117.187500006E-03
+30.620000E-06,+374.999999996E-03,+2.499999999998E+00,+2.480750000103E+00,-195.312499992E-03
+30.622000E-06,+320.312499996E-03,+2.468749999999E+00,+2.465125000106E+00,-78.124999995E-03
+30.624000E-06,+265.624999996E-03,+2.453125000001E+00,+2.496375000104E+00,-8E-12
+30.626000E-06,+210.937499997E-03,+2.468749999998E+00,+2.496375000103E+00,-117.187499997E-03
+30.628000E-06,+171.874999997E-03,+2.437499999999E+00,+2.472937500103E+00,-78.125000000E-03
+30.630000E-06,+132.812499995E-03,+2.421875000000E+00,+2.457312500105E+00,-78.124999997E-03
+30.632000E-06,+62.499999998E-03,+2.421874999998E+00,+2.465125000104E+00,-39.062500005E-03
+30.634000E-06,+31.250000000E-03,+2.390625000000E+00,+2.457312500105E+00,-117.187499993E-03
+30.636000E-06,+31.249999997E-03,+2.390625000000E+00,+2.465125000102E+00,-7E-12
+30.638000E-06,-23.437500004E-03,+2.390625000000E+00,+2.433875000104E+00,-117.187499998E-03
+30.640000E-06,-93.750000002E-03,+2.390625000000E+00,+2.426062500102E+00,-78.124999995E-03
+30.642000E-06,-132.812500001E-03,+2.390624999999E+00,+2.394812500107E+00,-4E-12
+30.644000E-06,-156.250000002E-03,+2.375000000000E+00,+2.433875000106E+00,-78.125000000E-03
+30.646000E-06,-195.312500003E-03,+2.374999999998E+00,+2.457312500103E+00,-78.124999998E-03
+30.648000E-06,-257.812500003E-03,+2.343750000000E+00,+2.433875000103E+00,-39.062500002E-03
+30.650000E-06,-312.500000002E-03,+2.343750000000E+00,+2.402625000105E+00,-78.124999998E-03
+30.652000E-06,-343.750000002E-03,+2.343750000001E+00,+2.410437500104E+00,-39.062499998E-03
+30.654000E-06,-382.812500002E-03,+2.359374999997E+00,+2.410437500104E+00,-4E-12
+30.656000E-06,-429.687500002E-03,+2.296875000000E+00,+2.410437500103E+00,-78.125000002E-03
+30.658000E-06,-476.562500003E-03,+2.296875000000E+00,+2.379187500104E+00,-117.187499998E-03
+30.660000E-06,-531.250000002E-03,+2.296874999999E+00,+2.363562500104E+00,-78.124999998E-03
+30.662000E-06,-570.312500003E-03,+2.281249999999E+00,+2.355750000104E+00,-39.062500002E-03
+30.664000E-06,-632.812500000E-03,+2.265624999999E+00,+2.340125000104E+00,-78.125000002E-03
+30.666000E-06,-640.625000002E-03,+2.234375000000E+00,+2.332312500104E+00,-117.187499997E-03
+30.668000E-06,-687.500000003E-03,+2.234375000001E+00,+2.324500000104E+00,-39.062500000E-03
+30.670000E-06,-750.000000002E-03,+2.250000000000E+00,+2.308875000104E+00,-39.062500000E-03
+30.672000E-06,-789.062500002E-03,+2.249999999999E+00,+2.308875000103E+00,-39.062500003E-03
+30.674000E-06,-828.125000002E-03,+2.234374999999E+00,+2.277625000105E+00,-117.187499997E-03
+30.676000E-06,-875.000000002E-03,+2.218750000000E+00,+2.285437500103E+00,-39.062499999E-03
+30.678000E-06,-921.875000002E-03,+2.218749999999E+00,+2.246375000105E+00,+11E-12
+30.680000E-06,-976.562500001E-03,+2.203124999999E+00,+2.262000000104E+00,+312.500000017E-03
+30.682000E-06,-1.007812500001E+00,+2.187500000002E+00,+2.262000000104E+00,+820.312500026E-03
+30.684000E-06,-1.046875000001E+00,+2.234374999999E+00,+2.238562500104E+00,+1.601562500026E+00
+30.686000E-06,-1.085937500002E+00,+2.203124999998E+00,+2.222937500105E+00,+2.421875000022E+00
+30.688000E-06,-1.156250000002E+00,+2.140625000000E+00,+2.230750000103E+00,+3.125000000018E+00
+30.690000E-06,-1.226562500001E+00,+2.125000000000E+00,+2.191687500104E+00,+3.750000000017E+00
+30.692000E-06,-1.273437500000E+00,+2.125000000001E+00,+2.191687500103E+00,+4.335937500014E+00
+30.694000E-06,-1.265625000001E+00,+2.156249999999E+00,+2.152625000105E+00,+4.843750000013E+00
+30.696000E-06,-1.312500000001E+00,+2.124999999999E+00,+2.168250000104E+00,+5.351562500008E+00
+30.698000E-06,-1.335937500001E+00,+2.093750000001E+00,+2.152625000104E+00,+5.664062500008E+00
+30.700000E-06,-1.367187500001E+00,+2.125000000000E+00,+2.129187500103E+00,+6.015625000009E+00
+30.702000E-06,-1.429687500001E+00,+2.124999999999E+00,+2.066687500104E+00,+6.406250000007E+00
+30.704000E-06,-1.460937500001E+00,+2.093750000000E+00,+2.066687500104E+00,+6.757812500005E+00
+30.706000E-06,-1.500000000000E+00,+2.109374999999E+00,+2.058875000104E+00,+6.992187500005E+00
+30.708000E-06,-1.507812500001E+00,+2.078125000000E+00,+2.043250000104E+00,+7.265625000005E+00
+30.710000E-06,-1.562500000001E+00,+2.078124999999E+00,+2.043250000104E+00,+7.539062500003E+00
+30.712000E-06,-1.625000000000E+00,+2.015625000000E+00,+2.027625000104E+00,+7.734375000002E+00
+30.714000E-06,-1.648437500000E+00,+2.015625000000E+00,+1.980750000104E+00,+7.851562500003E+00
+30.716000E-06,-1.679687500001E+00,+1.984375000000E+00,+1.941687500104E+00,+8.085937500002E+00
+30.718000E-06,-1.726562500000E+00,+1.953124999999E+00,+1.933875000104E+00,+8.281250000001E+00
+30.720000E-06,-1.765625000001E+00,+1.906250000000E+00,+1.933875000104E+00,+8.398437500001E+00
+30.722000E-06,-1.828125000000E+00,+1.875000000000E+00,+1.902625000104E+00,+8.476562500001E+00
+30.724000E-06,-1.859375000000E+00,+1.859375000000E+00,+1.863562500104E+00,+8.554687500002E+00
+30.726000E-06,-1.882812500000E+00,+1.843750000000E+00,+1.824500000104E+00,+8.750000000000E+00
+30.728000E-06,-1.914062500000E+00,+1.812500000000E+00,+1.832312500104E+00,+8.789062500000E+00
+30.730000E-06,-1.960937500000E+00,+1.781250000000E+00,+1.808875000104E+00,+8.867187500000E+00
+30.732000E-06,-2.000000000000E+00,+1.765625000000E+00,+1.785437500104E+00,+8.945312500000E+00
+30.734000E-06,-2.031250000000E+00,+1.765625000000E+00,+1.730750000104E+00,+9.062500000000E+00
+30.736000E-06,-2.070312500000E+00,+1.796875000000E+00,+1.738562500104E+00,+9.140625000000E+00
+30.738000E-06,-2.085937500000E+00,+1.765625000000E+00,+1.699500000104E+00,+9.218750000000E+00
+30.740000E-06,-2.148437500000E+00,+1.734375000000E+00,+1.676062500104E+00,+9.296875000000E+00
+30.742000E-06,-2.187500000000E+00,+1.718750000000E+00,+1.637000000104E+00,+9.257812500000E+00
+30.744000E-06,-2.226562500000E+00,+1.734375000000E+00,+1.629187500104E+00,+9.375000000000E+00
+30.746000E-06,-2.218750000000E+00,+1.671875000000E+00,+1.582312500105E+00,+9.257812500001E+00
+30.748000E-06,-2.234375000000E+00,+1.609375000000E+00,+1.566687500104E+00,+9.374999999999E+00
+30.750000E-06,-2.265625000000E+00,+1.640625000000E+00,+1.543250000104E+00,+9.414062500000E+00
+30.752000E-06,-2.335937499999E+00,+1.578125000001E+00,+1.512000000105E+00,+9.531249999999E+00
+30.754000E-06,-2.382812500000E+00,+1.562500000000E+00,+1.449500000105E+00,+9.492187500000E+00
+30.756000E-06,-2.398437500000E+00,+1.546875000000E+00,+1.426062500105E+00,+9.531250000000E+00
+30.758000E-06,-2.414062500000E+00,+1.531250000000E+00,+1.394812500105E+00,+9.570312500000E+00
+30.760000E-06,-2.445312500000E+00,+1.515625000000E+00,+1.363562500105E+00,+9.687499999998E+00
+30.762000E-06,-2.484374999999E+00,+1.437500000001E+00,+1.324500000105E+00,+9.609375000001E+00
+30.764000E-06,-2.523437499999E+00,+1.453125000000E+00,+1.301062500105E+00,+9.570312500001E+00
+30.766000E-06,-2.554687499999E+00,+1.437500000000E+00,+1.254187500105E+00,+9.648437499999E+00
+30.768000E-06,-2.570312500000E+00,+1.421875000000E+00,+1.246375000104E+00,+9.687499999999E+00
+30.770000E-06,-2.578125000000E+00,+1.359375000001E+00,+1.183875000106E+00,+9.609375000002E+00
+30.772000E-06,-2.640624999999E+00,+1.343750000000E+00,+1.176062500104E+00,+9.687499999998E+00
+30.774000E-06,-2.656250000000E+00,+1.343750000000E+00,+1.121375000106E+00,+9.726562499999E+00
+30.776000E-06,-2.695312499999E+00,+1.281250000001E+00,+1.082312500105E+00,+9.765624999999E+00
+30.778000E-06,-2.671875000001E+00,+1.281250000000E+00,+1.035437500105E+00,+9.804687499999E+00
+30.780000E-06,-2.695312499999E+00,+1.250000000001E+00,+1.027625000105E+00,+9.648437500004E+00
+30.782000E-06,-2.726562499999E+00,+1.187500000002E+00,+965.125000106E-03,+9.765624999997E+00
+30.784000E-06,-2.773437499999E+00,+1.109375000002E+00,+933.875000105E-03,+9.765625000000E+00
+30.786000E-06,-2.789062500000E+00,+1.109375000000E+00,+902.625000105E-03,+9.765625000000E+00
+30.788000E-06,-2.781250000000E+00,+1.109375000000E+00,+855.750000106E-03,+9.765625000000E+00
+30.790000E-06,-2.820312499999E+00,+1.062500000001E+00,+785.437500107E-03,+9.804687499999E+00
+30.792000E-06,-2.828125000000E+00,+984.375000003E-03,+769.812500105E-03,+9.765625000001E+00
+30.794000E-06,-2.867187499999E+00,+968.750000001E-03,+730.750000106E-03,+9.687500000003E+00
+30.796000E-06,-2.898437499999E+00,+953.125000001E-03,+683.875000106E-03,+9.648437500001E+00
+30.798000E-06,-2.914062499999E+00,+906.250000002E-03,+652.625000105E-03,+9.765624999996E+00
+30.800000E-06,-2.914062500000E+00,+859.375000002E-03,+590.125000107E-03,+9.843749999997E+00
+30.802000E-06,-2.937499999999E+00,+796.875000002E-03,+535.437500106E-03,+9.843750000000E+00
+30.804000E-06,-2.968749999999E+00,+734.375000002E-03,+543.250000104E-03,+9.726562500005E+00
+30.806000E-06,-2.968750000000E+00,+734.375000000E-03,+488.562500107E-03,+9.765624999998E+00
+30.808000E-06,-2.992187499999E+00,+687.500000002E-03,+441.687500106E-03,+9.726562500002E+00
+30.810000E-06,-2.984375000000E+00,+640.625000002E-03,+363.562500108E-03,+9.687500000002E+00
+30.812000E-06,-3.031249999998E+00,+656.249999999E-03,+340.125000105E-03,+9.687500000000E+00
+30.814000E-06,-3.062499999999E+00,+640.625000001E-03,+277.625000107E-03,+9.804687499995E+00
+30.816000E-06,-3.046875000001E+00,+531.250000005E-03,+254.187500105E-03,+9.804687500000E+00
+30.818000E-06,-3.062499999999E+00,+515.625000001E-03,+207.312500107E-03,+9.726562500004E+00
+30.820000E-06,-3.070312500000E+00,+484.375000002E-03,+144.812500107E-03,+9.765624999998E+00
+30.822000E-06,-3.085937499999E+00,+468.750000001E-03,+113.562500106E-03,+9.882812499994E+00
+30.824000E-06,-3.101562499999E+00,+390.625000004E-03,+82.312500106E-03,+9.804687500004E+00
+30.826000E-06,-3.085937500001E+00,+359.375000002E-03,+19.812500108E-03,+9.804687500000E+00
+30.828000E-06,-3.117187499998E+00,+265.625000005E-03,-27.062499893E-03,+9.726562500004E+00
+30.830000E-06,-3.125000000000E+00,+265.625000000E-03,-73.937499893E-03,+9.843749999994E+00
+30.832000E-06,-3.132812500000E+00,+187.500000004E-03,-97.374999894E-03,+9.843750000000E+00
+30.834000E-06,-3.148437499999E+00,+156.250000002E-03,-152.062499893E-03,+9.765625000005E+00
+30.836000E-06,-3.164062499999E+00,+140.625000001E-03,-191.124999893E-03,+9.765625000000E+00
+30.838000E-06,-3.148437500001E+00,+171.874999998E-03,-261.437499891E-03,+9.804687499998E+00
+30.840000E-06,-3.171874999999E+00,+109.375000004E-03,-316.124999892E-03,+9.804687500000E+00
+30.842000E-06,-3.179687500000E+00,+31.250000005E-03,-370.812499892E-03,+9.804687500000E+00
+30.844000E-06,-3.179687500000E+00,-15.624999997E-03,-417.687499893E-03,+9.726562500005E+00
+30.846000E-06,-3.164062500001E+00,-31.249999999E-03,-448.937499894E-03,+9.843749999992E+00
+30.848000E-06,-3.179687499999E+00,-109.374999995E-03,-472.374999894E-03,+9.804687500003E+00
+30.850000E-06,-3.187499999999E+00,-140.624999998E-03,-550.499999890E-03,+9.765625000003E+00
+30.852000E-06,-3.195312499999E+00,-156.249999999E-03,-605.187499892E-03,+9.687500000005E+00
+30.854000E-06,-3.203124999999E+00,-218.749999996E-03,-636.437499894E-03,+9.804687499992E+00
+30.856000E-06,-3.195312500001E+00,-281.249999996E-03,-667.687499893E-03,+9.804687500000E+00
+30.858000E-06,-3.164062500002E+00,-374.999999993E-03,-737.999999891E-03,+9.726562500006E+00
+30.860000E-06,-3.171874999999E+00,-359.375000001E-03,-769.249999893E-03,+9.726562500000E+00
+30.862000E-06,-3.179687499999E+00,-421.874999995E-03,-816.124999892E-03,+9.804687499994E+00
+30.864000E-06,-3.179687500000E+00,-484.374999995E-03,-847.374999893E-03,+9.765625000003E+00
+30.866000E-06,-3.171875000001E+00,-546.874999995E-03,-909.874999891E-03,+9.648437500009E+00
+30.868000E-06,-3.164062500001E+00,-578.124999998E-03,-948.937499893E-03,+9.765624999991E+00
+30.870000E-06,-3.171874999999E+00,-593.749999999E-03,-1.019249999890E+00,+9.726562500003E+00
+30.872000E-06,-3.148437500002E+00,-671.874999994E-03,-1.050499999893E+00,+9.726562500000E+00
+30.874000E-06,-3.140625000001E+00,-703.124999997E-03,-1.089562499893E+00,+9.765624999997E+00
+30.876000E-06,-3.132812500001E+00,-765.624999995E-03,-1.112999999894E+00,+9.726562500003E+00
+30.878000E-06,-3.117187500001E+00,-843.749999993E-03,-1.198937499888E+00,+9.804687499993E+00
+30.880000E-06,-3.117187500000E+00,-890.624999996E-03,-1.237999999892E+00,+9.765625000003E+00
+30.882000E-06,-3.132812499999E+00,-906.249999999E-03,-1.277062499892E+00,+9.726562500003E+00
+30.884000E-06,-3.125000000001E+00,-984.374999993E-03,-1.308312499893E+00,+9.726562500000E+00
+30.886000E-06,-3.093750000003E+00,-1.046874999994E+00,-1.355187499892E+00,+9.726562500000E+00
+30.888000E-06,-3.085937500001E+00,-1.093749999996E+00,-1.402062499891E+00,+9.492187500021E+00
+30.890000E-06,-3.054687500003E+00,-1.124999999997E+00,-1.448937499891E+00,+8.945312500050E+00
+30.892000E-06,-3.054687500000E+00,-1.171874999996E+00,-1.472374999894E+00,+8.164062500072E+00
+30.894000E-06,-3.031250000002E+00,-1.281249999990E+00,-1.519249999891E+00,+7.421875000070E+00
+30.896000E-06,-3.023437500001E+00,-1.359374999993E+00,-1.550499999893E+00,+6.757812500063E+00
+30.898000E-06,-2.976562500005E+00,-1.343750000002E+00,-1.597374999891E+00,+6.015625000071E+00
+30.900000E-06,-2.953125000002E+00,-1.312500000003E+00,-1.597374999896E+00,+5.390625000061E+00
+30.902000E-06,-2.976562499998E+00,-1.374999999994E+00,-1.644249999891E+00,+5.000000000038E+00
+30.904000E-06,-2.960937500002E+00,-1.437499999994E+00,-1.675499999893E+00,+4.531250000047E+00
+30.906000E-06,-2.929687500003E+00,-1.531249999991E+00,-1.745812499889E+00,+4.140625000039E+00
+30.908000E-06,-2.937499999999E+00,-1.578124999995E+00,-1.777062499893E+00,+3.671875000048E+00
+30.910000E-06,-2.906250000003E+00,-1.609374999997E+00,-1.784874999895E+00,+3.359375000032E+00
+30.912000E-06,-2.898437500001E+00,-1.671874999993E+00,-1.800499999894E+00,+3.007812500037E+00
+30.914000E-06,-2.882812500002E+00,-1.718749999995E+00,-1.870812499888E+00,+2.734375000029E+00
+30.916000E-06,-2.851562500003E+00,-1.781249999993E+00,-1.909874999892E+00,+2.500000000025E+00
+30.918000E-06,-2.843750000001E+00,-1.859374999992E+00,-1.956749999891E+00,+2.187500000034E+00
+30.920000E-06,-2.843750000000E+00,-1.906249999995E+00,-1.972374999894E+00,+1.992187500021E+00
+30.922000E-06,-2.835937500001E+00,-1.937499999997E+00,-2.011437499891E+00,+1.796875000022E+00
+30.924000E-06,-2.812500000003E+00,-1.984374999995E+00,-2.042687499892E+00,+1.640625000017E+00
+30.926000E-06,-2.773437500004E+00,-2.031249999995E+00,-2.073937499892E+00,+1.445312500022E+00
+30.928000E-06,-2.726562500005E+00,-2.093749999993E+00,-2.097374999893E+00,+1.406250000004E+00
+30.930000E-06,-2.710937500002E+00,-2.140624999995E+00,-2.128624999892E+00,+1.250000000018E+00
+30.932000E-06,-2.671875000005E+00,-2.218749999991E+00,-2.144249999894E+00,+1.093750000018E+00
+30.934000E-06,-2.664062500001E+00,-2.234374999998E+00,-2.175499999892E+00,+1.015625000009E+00
+30.936000E-06,-2.640625000003E+00,-2.359374999985E+00,-2.206749999892E+00,+898.437500014E-03
+30.938000E-06,-2.609375000004E+00,-2.390624999996E+00,-2.269249999888E+00,+781.250000014E-03
+30.940000E-06,-2.593750000002E+00,-2.468749999991E+00,-2.300499999892E+00,+703.125000009E-03
+30.942000E-06,-2.585937500001E+00,-2.515624999994E+00,-2.316124999894E+00,+664.062500005E-03
+30.944000E-06,-2.554687500004E+00,-2.562499999994E+00,-2.331749999894E+00,+507.812500019E-03
+30.946000E-06,-2.554687500000E+00,-2.609374999994E+00,-2.378624999890E+00,+507.812500000E-03
+30.948000E-06,-2.500000000007E+00,-2.656249999994E+00,-2.425499999890E+00,+390.625000015E-03
+30.950000E-06,-2.468750000004E+00,-2.734374999990E+00,-2.464562499891E+00,+390.625000000E-03
+30.952000E-06,-2.445312500003E+00,-2.843749999986E+00,-2.487999999893E+00,+312.500000010E-03
+30.954000E-06,-2.414062500004E+00,-2.874999999996E+00,-2.519249999892E+00,+234.375000010E-03
+30.956000E-06,-2.359375000007E+00,-2.890624999998E+00,-2.534874999894E+00,+195.312500005E-03
+30.958000E-06,-2.335937500003E+00,-2.968749999990E+00,-2.581749999890E+00,+234.374999995E-03
+30.960000E-06,-2.289062500006E+00,-3.031249999992E+00,-2.589562499895E+00,+234.375000000E-03
+30.962000E-06,-2.273437500002E+00,-3.062499999996E+00,-2.636437499889E+00,+156.250000010E-03
+30.964000E-06,-2.226562500006E+00,-3.109374999994E+00,-2.652062499894E+00,+78.125000011E-03
+30.966000E-06,-2.179687500006E+00,-3.171874999991E+00,-2.667687499894E+00,+156.249999989E-03
+30.968000E-06,-2.156250000003E+00,-3.218749999994E+00,-2.667687499896E+00,+117.187500005E-03
+30.970000E-06,-2.117187500005E+00,-3.265624999993E+00,-2.698937499891E+00,+16E-12
+30.972000E-06,-2.093750000003E+00,-3.296874999996E+00,-2.714562499894E+00,+39.062499995E-03
+30.974000E-06,-2.070312500003E+00,-3.343749999993E+00,-2.722374999895E+00,+6E-12
+30.976000E-06,-2.031250000006E+00,-3.390624999993E+00,-2.730187499895E+00,+78.124999989E-03
+30.978000E-06,-1.968750000009E+00,-3.468749999989E+00,-2.737999999895E+00,-39.062499983E-03
+30.980000E-06,-1.921875000007E+00,-3.515624999993E+00,-2.761437499892E+00,-78.124999994E-03
+30.982000E-06,-1.906250000002E+00,-3.578124999991E+00,-2.769249999895E+00,-39.062500006E-03
+30.984000E-06,-1.898437500001E+00,-3.593749999998E+00,-2.777062499895E+00,-6E-12
+30.986000E-06,-1.835937500009E+00,-3.640624999993E+00,-2.792687499893E+00,-39.062499994E-03
+30.988000E-06,-1.789062500007E+00,-3.671874999995E+00,-2.808312499893E+00,-6E-12
+30.990000E-06,-1.757812500005E+00,-3.749999999988E+00,-2.839562499891E+00,+39.062499994E-03
+30.992000E-06,-1.734375000004E+00,-3.828124999988E+00,-2.831749999897E+00,-39.062499988E-03
+30.994000E-06,-1.695312500006E+00,-3.828125000000E+00,-2.831749999896E+00,-117.187499988E-03
+30.996000E-06,-1.671875000004E+00,-3.906249999988E+00,-2.847374999893E+00,-117.187500000E-03
+30.998000E-06,-1.601562500011E+00,-3.937499999995E+00,-2.839562499897E+00,-78.125000006E-03
+31.000000E-06,-1.562500000006E+00,-4.031249999985E+00,-2.855187499893E+00,-12E-12
+31.002000E-06,-1.523437500006E+00,-4.046874999998E+00,-2.870812499893E+00,-156.249999975E-03
+31.004000E-06,-1.492187500005E+00,-4.093749999993E+00,-2.847374999899E+00,-117.187500006E-03
+31.006000E-06,-1.453125000006E+00,-4.109374999997E+00,-2.855187499894E+00,-39.062500013E-03
+31.008000E-06,-1.414062500006E+00,-4.171874999990E+00,-2.870812499893E+00,-6E-12
+31.010000E-06,-1.382812500005E+00,-4.234374999990E+00,-2.886437499893E+00,-117.187499981E-03
+31.012000E-06,-1.351562500005E+00,-4.296874999990E+00,-2.878624999897E+00,-78.125000006E-03
+31.014000E-06,-1.312500000006E+00,-4.281250000003E+00,-2.870812499897E+00,-78.125000000E-03
+31.016000E-06,-1.289062500004E+00,-4.312499999995E+00,-2.870812499896E+00,-117.187499993E-03
+31.018000E-06,-1.203125000014E+00,-4.359374999992E+00,-2.886437499893E+00,-156.249999993E-03
+31.020000E-06,-1.156250000008E+00,-4.343750000003E+00,-2.894249999894E+00,-78.125000013E-03
+31.022000E-06,-1.117187500007E+00,-4.343750000000E+00,-2.894249999896E+00,-39.062500007E-03
+31.024000E-06,-1.117187500000E+00,-4.374999999995E+00,-2.894249999896E+00,-39.062500000E-03
+31.026000E-06,-1.054687500011E+00,-4.359375000003E+00,-2.870812499900E+00,-156.249999980E-03
+31.028000E-06,-1.015625000007E+00,-4.312500000008E+00,-2.886437499893E+00,-78.125000014E-03
+31.030000E-06,-945.312500012E-03,-4.296875000003E+00,-2.902062499893E+00,-78.125000000E-03
+31.032000E-06,-906.250000007E-03,-4.328124999994E+00,-2.902062499896E+00,-39.062500007E-03
+31.034000E-06,-875.000000006E-03,-4.312500000003E+00,-2.902062499896E+00,-117.187499986E-03
+31.036000E-06,-828.125000008E-03,-4.296875000003E+00,-2.894249999897E+00,-117.187500000E-03
+31.038000E-06,-765.625000011E-03,-4.234375000011E+00,-2.894249999896E+00,-78.125000007E-03
+31.040000E-06,-718.750000008E-03,-4.218750000003E+00,-2.894249999896E+00,-39.062500007E-03
+31.042000E-06,-679.687500007E-03,-4.140625000014E+00,-2.894249999896E+00,-117.187499986E-03
+31.044000E-06,-648.437500006E-03,-4.078125000011E+00,-2.886437499897E+00,-39.062500014E-03
+31.046000E-06,-625.000000004E-03,-4.078125000000E+00,-2.878624999897E+00,-7E-12
+31.048000E-06,-570.312500010E-03,-4.015625000012E+00,-2.862999999899E+00,+0.0E+00
+31.050000E-06,-500.000000013E-03,-3.968750000009E+00,-2.886437499891E+00,-39.062499993E-03
+31.052000E-06,-437.500000012E-03,-3.906250000012E+00,-2.894249999894E+00,-156.249999978E-03
+31.054000E-06,-421.875000003E-03,-3.828125000015E+00,-2.886437499897E+00,-78.125000015E-03
+31.056000E-06,-406.250000003E-03,-3.781250000009E+00,-2.886437499896E+00,-39.062500007E-03
+31.058000E-06,-343.750000012E-03,-3.734375000009E+00,-2.878624999897E+00,-117.187499985E-03
+31.060000E-06,-289.062500011E-03,-3.640625000018E+00,-2.894249999893E+00,-78.125000008E-03
+31.062000E-06,-226.562500012E-03,-3.640625000000E+00,-2.894249999896E+00,-39.062500008E-03
+31.064000E-06,-210.937500003E-03,-3.578125000012E+00,-2.878624999899E+00,-78.124999992E-03
+31.066000E-06,-179.687500006E-03,-3.531250000009E+00,-2.894249999893E+00,-117.187499992E-03
+31.068000E-06,-125.000000011E-03,-3.515625000003E+00,-2.894249999896E+00,-78.125000008E-03
+31.070000E-06,-85.937500008E-03,-3.531249999997E+00,-2.878624999899E+00,-78.125000000E-03
+31.072000E-06,-39.062500009E-03,-3.406250000025E+00,-2.878624999896E+00,-117.187499992E-03
+31.074000E-06,+7.812499991E-03,-3.406250000000E+00,-2.886437499894E+00,-117.187500000E-03
+31.076000E-06,+54.687499991E-03,-3.343750000013E+00,-2.886437499896E+00,-39.062500016E-03
+31.078000E-06,+93.749999992E-03,-3.296875000010E+00,-2.886437499896E+00,-78.124999992E-03
+31.080000E-06,+124.999999994E-03,-3.265625000006E+00,-2.855187499902E+00,-39.062500008E-03
+31.082000E-06,+179.687499989E-03,-3.250000000003E+00,-2.855187499896E+00,-156.249999976E-03
+31.084000E-06,+210.937499994E-03,-3.218750000006E+00,-2.870812499892E+00,-117.187500008E-03
+31.086000E-06,+249.999999992E-03,-3.187500000007E+00,-2.862999999897E+00,-39.062500016E-03
+31.088000E-06,+281.249999993E-03,-3.140625000010E+00,-2.847374999899E+00,-78.124999992E-03
+31.090000E-06,+359.374999984E-03,-3.125000000003E+00,-2.862999999892E+00,-156.249999984E-03
+31.092000E-06,+398.437499992E-03,-3.078125000010E+00,-2.870812499894E+00,-78.125000017E-03
+31.094000E-06,+445.312499990E-03,-3.046875000007E+00,-2.862999999897E+00,-78.125000000E-03
+31.096000E-06,+468.749999995E-03,-3.031250000003E+00,-2.831749999902E+00,+195.312499941E-03
+31.098000E-06,+499.999999993E-03,-2.984375000010E+00,-2.847374999892E+00,+468.749999941E-03
+31.100000E-06,+562.499999986E-03,-2.937500000010E+00,-2.870812499891E+00,+1.210937499839E+00
+31.102000E-06,+593.749999993E-03,-2.906250000007E+00,-2.847374999901E+00,+1.992187499830E+00
+31.104000E-06,+632.812499991E-03,-2.875000000007E+00,-2.839562499897E+00,+2.890624999803E+00
+31.106000E-06,+632.812500000E-03,-2.812500000014E+00,-2.831749999897E+00,+3.554687499854E+00
+31.108000E-06,+695.312499986E-03,-2.828124999997E+00,-2.855187499891E+00,+4.101562499879E+00
+31.110000E-06,+734.374999991E-03,-2.765625000014E+00,-2.847374999897E+00,+4.687499999869E+00
+31.112000E-06,+812.499999983E-03,-2.765625000000E+00,-2.839562499897E+00,+5.039062499921E+00
+31.114000E-06,+851.562499991E-03,-2.718750000011E+00,-2.831749999897E+00,+5.429687499912E+00
+31.116000E-06,+914.062499986E-03,-2.687500000007E+00,-2.816124999899E+00,+5.859374999903E+00
+31.118000E-06,+945.312499993E-03,-2.671875000004E+00,-2.823937499894E+00,+6.328124999893E+00
+31.120000E-06,+968.749999995E-03,-2.687499999996E+00,-2.823937499896E+00,+6.601562499937E+00
+31.122000E-06,+1.023437499987E+00,-2.625000000014E+00,-2.816124999897E+00,+6.914062499928E+00
+31.124000E-06,+1.078124999987E+00,-2.609375000004E+00,-2.792687499901E+00,+7.148437499946E+00
+31.126000E-06,+1.117187499991E+00,-2.624999999996E+00,-2.753624999905E+00,+7.382812499946E+00
+31.128000E-06,+1.156249999991E+00,-2.625000000000E+00,-2.737999999899E+00,+7.617187499945E+00
+31.130000E-06,+1.195312499991E+00,-2.625000000000E+00,-2.730187499898E+00,+7.812499999954E+00
+31.132000E-06,+1.242187499989E+00,-2.671874999989E+00,-2.714562499899E+00,+7.929687499972E+00
+31.134000E-06,+1.265624999994E+00,-2.671875000000E+00,-2.698937499899E+00,+8.164062499944E+00
+31.136000E-06,+1.289062499994E+00,-2.703124999993E+00,-2.620812499914E+00,+8.242187499981E+00
+31.138000E-06,+1.312499999994E+00,-2.671875000007E+00,-2.589562499903E+00,+8.359374999972E+00
+31.140000E-06,+1.359374999989E+00,-2.703124999992E+00,-2.550499999905E+00,+8.515624999962E+00
+31.142000E-06,+1.406249999989E+00,-2.656250000011E+00,-2.519249999903E+00,+8.710937499953E+00
+31.144000E-06,+1.429687499994E+00,-2.656250000000E+00,-2.464562499909E+00,+8.789062499981E+00
+31.146000E-06,+1.468749999990E+00,-2.625000000008E+00,-2.394249999913E+00,+8.906249999971E+00
+31.148000E-06,+1.507812499990E+00,-2.609375000004E+00,-2.316124999915E+00,+8.945312499990E+00
+31.150000E-06,+1.562499999987E+00,-2.546875000015E+00,-2.245812499913E+00,+9.023437499981E+00
+31.152000E-06,+1.617187499986E+00,-2.500000000012E+00,-2.206749999905E+00,+9.062499999990E+00
+31.154000E-06,+1.656249999990E+00,-2.437500000016E+00,-2.136437499913E+00,+9.140624999981E+00
+31.156000E-06,+1.679687499994E+00,-2.421875000004E+00,-2.058312499915E+00,+9.257812499971E+00
+31.158000E-06,+1.687499999998E+00,-2.328125000024E+00,-2.011437499907E+00,+9.296874999990E+00
+31.160000E-06,+1.703124999996E+00,-2.296875000008E+00,-1.925499999917E+00,+9.374999999980E+00
+31.162000E-06,+1.757812499986E+00,-2.234375000016E+00,-1.855187499914E+00,+9.375000000000E+00
+31.164000E-06,+1.804687499988E+00,-2.187500000012E+00,-1.792687499912E+00,+9.375000000000E+00
+31.166000E-06,+1.828124999994E+00,-2.093750000024E+00,-1.730187499912E+00,+9.453124999980E+00
+31.168000E-06,+1.843749999996E+00,-2.015625000020E+00,-1.652062499916E+00,+9.492187499990E+00
+31.170000E-06,+1.882812499990E+00,-1.937500000020E+00,-1.597374999910E+00,+9.453125000010E+00
+31.172000E-06,+1.921874999990E+00,-1.890625000012E+00,-1.527062499914E+00,+9.531249999980E+00
+31.174000E-06,+1.945312499994E+00,-1.781250000029E+00,-1.448937499916E+00,+9.570312499990E+00
+31.176000E-06,+1.984374999990E+00,-1.718750000016E+00,-1.355187499920E+00,+9.648437499980E+00
+31.178000E-06,+1.992187499998E+00,-1.625000000025E+00,-1.300499999910E+00,+9.570312500021E+00
+31.180000E-06,+2.046874999986E+00,-1.531250000025E+00,-1.237999999912E+00,+9.609374999990E+00
+31.182000E-06,+2.070312499994E+00,-1.468750000017E+00,-1.152062499919E+00,+9.726562499969E+00
+31.184000E-06,+2.093749999994E+00,-1.375000000025E+00,-1.034874999927E+00,+9.726562500000E+00
+31.186000E-06,+2.124999999992E+00,-1.234375000038E+00,-956.749999917E-03,+9.687500000010E+00
+31.188000E-06,+2.148437499994E+00,-1.140625000025E+00,-878.624999917E-03,+9.648437500011E+00
+31.190000E-06,+2.171874999994E+00,-1.046875000025E+00,-816.124999913E-03,+9.765624999968E+00
+31.192000E-06,+2.195312499994E+00,-953.125000025E-03,-745.812499915E-03,+9.765625000000E+00
+31.194000E-06,+2.249999999985E+00,-843.750000030E-03,-667.687499917E-03,+9.687500000021E+00
+31.196000E-06,+2.265624999996E+00,-750.000000026E-03,-566.124999924E-03,+9.648437500011E+00
+31.198000E-06,+2.273437499998E+00,-687.500000017E-03,-503.624999913E-03,+9.726562499978E+00
+31.200000E-06,+2.273437500000E+00,-625.000000017E-03,-417.687499919E-03,+9.765624999989E+00
+31.202000E-06,+2.312499999989E+00,-515.625000030E-03,-378.624999907E-03,+9.726562500011E+00
+31.204000E-06,+2.351562499989E+00,-421.875000026E-03,-284.874999922E-03,+9.687500000011E+00
+31.206000E-06,+2.367187499996E+00,-328.125000026E-03,-214.562499915E-03,+9.804687499967E+00
+31.208000E-06,+2.374999999998E+00,-296.875000009E-03,-152.062499913E-03,+9.765625000011E+00
+31.210000E-06,+2.398437499993E+00,-156.250000040E-03,-97.374999911E-03,+9.765625000000E+00
+31.212000E-06,+2.429687499991E+00,-109.375000013E-03,-19.249999918E-03,+9.882812499967E+00
+31.214000E-06,+2.460937499991E+00,+15.624999964E-03,+12.000000095E-03,+9.804687500022E+00
+31.216000E-06,+2.468749999998E+00,+46.874999991E-03,+82.312500084E-03,+9.804687500000E+00
+31.218000E-06,+2.468750000000E+00,+187.499999960E-03,+176.062500077E-03,+9.765625000011E+00
+31.220000E-06,+2.492187499993E+00,+234.374999986E-03,+230.750000089E-03,+9.687500000023E+00
+31.222000E-06,+2.499999999998E+00,+374.999999959E-03,+269.812500093E-03,+9.804687499966E+00
+31.224000E-06,+2.500000000000E+00,+453.124999977E-03,+355.750000079E-03,+9.804687500000E+00
+31.226000E-06,+2.515624999995E+00,+578.124999963E-03,+410.437500088E-03,+9.804687500000E+00
+31.228000E-06,+2.554687499989E+00,+640.624999982E-03,+472.937500086E-03,+9.726562500023E+00
+31.230000E-06,+2.562499999998E+00,+765.624999963E-03,+535.437500086E-03,+9.843749999965E+00
+31.232000E-06,+2.585937499993E+00,+812.499999986E-03,+597.937500086E-03,+9.726562500035E+00
+31.234000E-06,+2.570312500005E+00,+937.499999963E-03,+652.625000088E-03,+9.765624999988E+00
+31.236000E-06,+2.609374999988E+00,+968.749999991E-03,+707.312500088E-03,+9.648437500035E+00
+31.238000E-06,+2.617187499998E+00,+1.046874999977E+00,+746.375000093E-03,+9.804687499953E+00
+31.240000E-06,+2.617187500000E+00,+1.171874999962E+00,+801.062500088E-03,+9.843749999988E+00
+31.242000E-06,+2.609375000002E+00,+1.265624999972E+00,+871.375000083E-03,+9.843750000000E+00
+31.244000E-06,+2.624999999995E+00,+1.296874999991E+00,+918.250000090E-03,+9.843750000000E+00
+31.246000E-06,+2.656249999991E+00,+1.374999999976E+00,+972.937500088E-03,+9.843750000000E+00
+31.248000E-06,+2.656250000000E+00,+1.437499999981E+00,+1.035437500085E+00,+9.843750000000E+00
+31.250000E-06,+2.664062499998E+00,+1.468749999990E+00,+1.082312500090E+00,+9.804687500012E+00
+31.252000E-06,+2.679687499995E+00,+1.562499999971E+00,+1.137000000087E+00,+9.804687500000E+00
+31.254000E-06,+2.679687500000E+00,+1.703124999957E+00,+1.183875000090E+00,+9.882812499976E+00
+31.256000E-06,+2.679687500000E+00,+1.796874999971E+00,+1.246375000085E+00,+9.843750000012E+00
+31.258000E-06,+2.687499999998E+00,+1.874999999976E+00,+1.262000000099E+00,+9.765625000024E+00
+31.260000E-06,+2.726562499988E+00,+1.906249999990E+00,+1.316687500087E+00,+9.765625000000E+00
+31.262000E-06,+2.703125000007E+00,+1.984374999976E+00,+1.371375000087E+00,+9.804687499988E+00
+31.264000E-06,+2.679687500007E+00,+2.046874999980E+00,+1.449500000080E+00,+9.804687500000E+00
+31.266000E-06,+2.679687500000E+00,+2.140624999970E+00,+1.480750000094E+00,+9.843749999988E+00
+31.268000E-06,+2.718749999988E+00,+2.234374999970E+00,+1.504187500097E+00,+9.687500000050E+00
+31.270000E-06,+2.742187499993E+00,+2.281249999985E+00,+1.558875000087E+00,+9.765624999975E+00
+31.272000E-06,+2.695312500015E+00,+2.328124999985E+00,+1.621375000084E+00,+9.804687499988E+00
+31.274000E-06,+2.703124999997E+00,+2.374999999985E+00,+1.652625000094E+00,+9.765625000013E+00
+31.276000E-06,+2.710937499997E+00,+2.390624999995E+00,+1.691687500092E+00,+9.687500000025E+00
+31.278000E-06,+2.734374999992E+00,+2.468749999975E+00,+1.722937500094E+00,+9.804687499962E+00
+31.280000E-06,+2.718750000005E+00,+2.499999999990E+00,+1.769812500089E+00,+9.726562500025E+00
+31.282000E-06,+2.703125000005E+00,+2.531249999990E+00,+1.801062500094E+00,+9.726562500000E+00
+31.284000E-06,+2.679687500008E+00,+2.546874999995E+00,+1.832312500094E+00,+9.687500000013E+00
+31.286000E-06,+2.671875000003E+00,+2.593749999985E+00,+1.855750000097E+00,+9.843749999949E+00
+31.288000E-06,+2.679687499997E+00,+2.671874999974E+00,+1.879187500097E+00,+9.765625000026E+00
+31.290000E-06,+2.687499999997E+00,+2.671875000000E+00,+1.894812500099E+00,+9.726562500013E+00
+31.292000E-06,+2.664062500008E+00,+2.703124999990E+00,+1.949500000086E+00,+9.726562500000E+00
+31.294000E-06,+2.648437500005E+00,+2.718749999995E+00,+1.980750000094E+00,+9.726562500000E+00
+31.296000E-06,+2.617187500010E+00,+2.781249999979E+00,+2.027625000089E+00,+9.765624999987E+00
+31.298000E-06,+2.609375000003E+00,+2.781250000000E+00,+2.035437500102E+00,+9.648437500039E+00
+31.300000E-06,+2.640624999989E+00,+2.812499999989E+00,+2.074500000091E+00,+9.648437500000E+00
+31.302000E-06,+2.656249999995E+00,+2.843749999989E+00,+2.097937500096E+00,+9.726562499974E+00
+31.304000E-06,+2.617187500013E+00,+2.890624999984E+00,+2.144812500088E+00,+9.531250000066E+00
+31.306000E-06,+2.570312500016E+00,+2.875000000005E+00,+2.137000000107E+00,+9.140625000133E+00
+31.308000E-06,+2.578124999997E+00,+2.890624999995E+00,+2.160437500096E+00,+8.359375000267E+00
+31.310000E-06,+2.593749999995E+00,+2.890625000000E+00,+2.152625000107E+00,+7.617187500254E+00
+31.312000E-06,+2.578125000005E+00,+2.890625000000E+00,+2.176062500096E+00,+6.914062500242E+00
+31.314000E-06,+2.554687500008E+00,+2.906249999995E+00,+2.207312500094E+00,+6.210937500242E+00
+31.316000E-06,+2.546875000003E+00,+2.968749999978E+00,+2.246375000091E+00,+5.507812500243E+00
+31.318000E-06,+2.523437500008E+00,+3.015624999984E+00,+2.262000000099E+00,+5.117187500136E+00
+31.320000E-06,+2.500000000008E+00,+3.015625000000E+00,+2.277625000099E+00,+4.609375000177E+00
+31.322000E-06,+2.476562500008E+00,+3.015625000000E+00,+2.262000000110E+00,+4.257812500123E+00
+31.324000E-06,+2.476562500000E+00,+3.046874999989E+00,+2.285437500096E+00,+3.828125000151E+00
+31.326000E-06,+2.445312500011E+00,+3.046875000000E+00,+2.324500000091E+00,+3.515625000110E+00
+31.328000E-06,+2.437500000003E+00,+3.062499999994E+00,+2.340125000099E+00,+3.203125000110E+00
+31.330000E-06,+2.429687500003E+00,+3.062500000000E+00,+2.324500000110E+00,+2.812500000138E+00
+31.332000E-06,+2.429687500000E+00,+3.109374999983E+00,+2.332312500102E+00,+2.617187500069E+00
+31.334000E-06,+2.398437500011E+00,+3.078125000011E+00,+2.355750000096E+00,+2.304687500111E+00
+31.336000E-06,+2.343750000020E+00,+3.093749999994E+00,+2.402625000088E+00,+2.070312500084E+00
+31.338000E-06,+2.320312500008E+00,+3.093750000000E+00,+2.410437500102E+00,+1.875000000070E+00
+31.340000E-06,+2.320312500000E+00,+3.109374999994E+00,+2.441687500093E+00,+1.718750000056E+00
+31.342000E-06,+2.304687500006E+00,+3.124999999994E+00,+2.426062500110E+00,+1.601562500042E+00
+31.344000E-06,+2.296875000003E+00,+3.140624999994E+00,+2.449500000096E+00,+1.406250000071E+00
+31.346000E-06,+2.265625000011E+00,+3.125000000006E+00,+2.465125000099E+00,+1.250000000057E+00
+31.348000E-06,+2.242187500009E+00,+3.156249999989E+00,+2.504187500090E+00,+1.171875000029E+00
+31.350000E-06,+2.218750000009E+00,+3.140625000006E+00,+2.519812500099E+00,+1.132812500014E+00
+31.352000E-06,+2.195312500009E+00,+3.140625000000E+00,+2.512000000107E+00,+1.015625000043E+00
+31.354000E-06,+2.164062500012E+00,+3.109375000012E+00,+2.527625000099E+00,+937.500000029E-03
+31.356000E-06,+2.164062500000E+00,+3.124999999994E+00,+2.527625000104E+00,+820.312500043E-03
+31.358000E-06,+2.109375000020E+00,+3.156249999988E+00,+2.551062500096E+00,+742.187500029E-03
+31.360000E-06,+2.070312500015E+00,+3.140625000006E+00,+2.582312500093E+00,+664.062500029E-03
+31.362000E-06,+2.023437500018E+00,+3.093750000018E+00,+2.551062500116E+00,+585.937500029E-03
+31.364000E-06,+2.007812500006E+00,+3.109374999994E+00,+2.558875000101E+00,+546.875000015E-03
+31.366000E-06,+2.000000000003E+00,+3.046875000023E+00,+2.543250000110E+00,+468.750000029E-03
+31.368000E-06,+1.945312500021E+00,+3.046875000000E+00,+2.574500000093E+00,+429.687500015E-03
+31.370000E-06,+1.914062500012E+00,+2.984375000024E+00,+2.574500000104E+00,+312.500000044E-03
+31.372000E-06,+1.867187500018E+00,+3.031249999982E+00,+2.566687500107E+00,+234.375000030E-03
+31.374000E-06,+1.859375000003E+00,+3.000000000012E+00,+2.535437500116E+00,+273.437499985E-03
+31.376000E-06,+1.843750000006E+00,+2.984375000006E+00,+2.574500000089E+00,+273.437500000E-03
+31.378000E-06,+1.828125000006E+00,+2.953125000012E+00,+2.574500000104E+00,+156.250000045E-03
+31.380000E-06,+1.812500000006E+00,+2.984374999988E+00,+2.566687500107E+00,+78.125000030E-03
+31.382000E-06,+1.765625000018E+00,+2.968750000006E+00,+2.566687500104E+00,+195.312499955E-03
+31.384000E-06,+1.726562500015E+00,+2.968750000000E+00,+2.543250000113E+00,+156.250000015E-03
+31.386000E-06,+1.695312500012E+00,+2.921875000018E+00,+2.535437500107E+00,+78.125000030E-03
+31.388000E-06,+1.671875000009E+00,+2.953124999988E+00,+2.543250000101E+00,+39.062500015E-03
+31.390000E-06,+1.609375000024E+00,+2.906250000018E+00,+2.551062500101E+00,+117.187499970E-03
+31.392000E-06,+1.570312500015E+00,+2.921874999994E+00,+2.566687500098E+00,+156.249999985E-03
+31.394000E-06,+1.523437500018E+00,+2.906250000006E+00,+2.512000000126E+00,+78.125000031E-03
+31.396000E-06,+1.476562500018E+00,+2.875000000012E+00,+2.519812500101E+00,+78.125000000E-03
+31.398000E-06,+1.460937500006E+00,+2.828125000019E+00,+2.551062500092E+00,-39.062499954E-03
+31.400000E-06,+1.414062500019E+00,+2.828125000000E+00,+2.551062500104E+00,+39.062499969E-03
+31.402000E-06,+1.367187500019E+00,+2.843749999994E+00,+2.519812500117E+00,-39.062499969E-03
+31.404000E-06,+1.343750000009E+00,+2.843750000000E+00,+2.527625000101E+00,-16E-12
+31.406000E-06,+1.289062500022E+00,+2.812500000012E+00,+2.527625000104E+00,+78.124999969E-03
+31.408000E-06,+1.281250000003E+00,+2.781250000013E+00,+2.558875000092E+00,-39.062499953E-03
+31.410000E-06,+1.226562500022E+00,+2.812499999987E+00,+2.566687500101E+00,-117.187499969E-03
+31.412000E-06,+1.210937500006E+00,+2.781250000013E+00,+2.551062500111E+00,-39.062500032E-03
+31.414000E-06,+1.164062500019E+00,+2.781250000000E+00,+2.535437500111E+00,-39.062500000E-03
+31.416000E-06,+1.109375000022E+00,+2.703125000032E+00,+2.543250000101E+00,+39.062499968E-03
+31.418000E-06,+1.070312500016E+00,+2.734374999987E+00,+2.535437500107E+00,-39.062499968E-03
+31.420000E-06,+1.046875000010E+00,+2.734375000000E+00,+2.566687500092E+00,-117.187499968E-03
+31.422000E-06,+1.015625000013E+00,+2.687500000019E+00,+2.543250000114E+00,-48E-12
+31.424000E-06,+953.125000026E-03,+2.687500000000E+00,+2.543250000104E+00,+39.062499984E-03
+31.426000E-06,+921.875000013E-03,+2.656250000013E+00,+2.543250000104E+00,-156.249999920E-03
+31.428000E-06,+867.187500023E-03,+2.687499999987E+00,+2.551062500101E+00,-117.187500016E-03
+31.430000E-06,+828.125000016E-03,+2.640625000019E+00,+2.527625000114E+00,-39.062500032E-03
+31.432000E-06,+789.062500016E-03,+2.656249999994E+00,+2.535437500101E+00,-39.062500000E-03
+31.434000E-06,+750.000000016E-03,+2.625000000013E+00,+2.504187500117E+00,-117.187499967E-03
+31.436000E-06,+718.750000013E-03,+2.625000000000E+00,+2.512000000101E+00,-78.125000016E-03
+31.438000E-06,+640.625000033E-03,+2.625000000000E+00,+2.512000000104E+00,-78.125000000E-03
+31.440000E-06,+601.562500016E-03,+2.546875000033E+00,+2.519812500101E+00,-39.062500016E-03
+31.442000E-06,+562.500000016E-03,+2.562499999993E+00,+2.527625000101E+00,-117.187499967E-03
+31.444000E-06,+554.687500003E-03,+2.562500000000E+00,+2.504187500114E+00,-39.062500033E-03
+31.446000E-06,+500.000000023E-03,+2.531250000013E+00,+2.472937500118E+00,-17E-12
+31.448000E-06,+437.500000027E-03,+2.515625000007E+00,+2.512000000088E+00,-117.187499950E-03
+31.450000E-06,+406.250000013E-03,+2.500000000007E+00,+2.512000000104E+00,-117.187500000E-03
+31.452000E-06,+382.812500010E-03,+2.500000000000E+00,+2.512000000104E+00,-78.125000017E-03
+31.454000E-06,+335.937500020E-03,+2.500000000000E+00,+2.472937500121E+00,-117.187499983E-03
+31.456000E-06,+304.687500013E-03,+2.453125000020E+00,+2.472937500104E+00,-78.125000017E-03
+31.458000E-06,+242.187500027E-03,+2.437500000007E+00,+2.472937500104E+00,-117.187499983E-03
+31.460000E-06,+210.937500014E-03,+2.437500000000E+00,+2.496375000094E+00,-117.187500000E-03
+31.462000E-06,+171.875000017E-03,+2.468749999986E+00,+2.480750000111E+00,-117.187500000E-03
+31.464000E-06,+132.812500017E-03,+2.421875000020E+00,+2.465125000111E+00,-78.125000017E-03
+31.466000E-06,+85.937500020E-03,+2.421875000000E+00,+2.433875000118E+00,-156.249999966E-03
+31.468000E-06,+62.500000010E-03,+2.406250000007E+00,+2.449500000097E+00,-117.187500017E-03
+31.470000E-06,+15.625000021E-03,+2.421874999993E+00,+2.465125000097E+00,-78.125000017E-03
+31.472000E-06,-93.749999952E-03,+2.390625000014E+00,+2.465125000104E+00,-117.187499983E-03
+31.474000E-06,-109.374999993E-03,+2.406249999993E+00,+2.426062500122E+00,-117.187500000E-03
+31.476000E-06,-109.375000000E-03,+2.406250000000E+00,+2.426062500104E+00,-117.187500000E-03
+31.478000E-06,-179.687499969E-03,+2.359375000021E+00,+2.410437500111E+00,-78.125000017E-03
+31.480000E-06,-226.562499979E-03,+2.359375000000E+00,+2.433875000094E+00,-39.062500017E-03
+31.482000E-06,-281.249999976E-03,+2.374999999993E+00,+2.394812500122E+00,-117.187499965E-03
+31.484000E-06,-335.937499976E-03,+2.359375000007E+00,+2.379187500111E+00,-78.125000017E-03
+31.486000E-06,-382.812499979E-03,+2.359375000000E+00,+2.371375000108E+00,-39.062500017E-03
+31.488000E-06,-429.687499979E-03,+2.296875000028E+00,+2.387000000097E+00,-78.124999982E-03
+31.490000E-06,-476.562499979E-03,+2.296875000000E+00,+2.371375000111E+00,-117.187499982E-03
+31.492000E-06,-515.624999982E-03,+2.281250000007E+00,+2.371375000104E+00,-117.187500000E-03
+31.494000E-06,-562.499999979E-03,+2.312499999986E+00,+2.363562500108E+00,-117.187500000E-03
+31.496000E-06,-585.937499989E-03,+2.281250000014E+00,+2.355750000108E+00,-78.125000018E-03
+31.498000E-06,-609.374999989E-03,+2.265625000007E+00,+2.316687500122E+00,-156.249999964E-03
+31.500000E-06,-671.874999972E-03,+2.234375000014E+00,+2.308875000108E+00,-78.125000036E-03
+31.502000E-06,-726.562499975E-03,+2.234375000000E+00,+2.316687500101E+00,-78.125000000E-03
+31.504000E-06,-773.437499979E-03,+2.218750000007E+00,+2.324500000101E+00,-78.125000000E-03
+31.506000E-06,-804.687499986E-03,+2.234374999993E+00,+2.285437500122E+00,-156.249999964E-03
+31.508000E-06,-859.374999975E-03,+2.203125000014E+00,+2.293250000101E+00,-78.125000036E-03
+31.510000E-06,-890.624999986E-03,+2.171875000014E+00,+2.262000000119E+00,-36E-12
+31.512000E-06,-953.124999971E-03,+2.156250000007E+00,+2.269812500101E+00,+156.249999928E-03
+31.514000E-06,-984.374999985E-03,+2.187499999985E+00,+2.238562500119E+00,+351.562499909E-03
+31.516000E-06,-1.015624999985E+00,+2.187500000000E+00,+2.254187500097E+00,+1.093749999654E+00
+31.518000E-06,-1.054687499982E+00,+2.203124999993E+00,+2.215125000123E+00,+1.914062499617E+00
+31.520000E-06,-1.117187499971E+00,+2.203125000000E+00,+2.238562500093E+00,+2.695312499634E+00
+31.522000E-06,-1.187499999967E+00,+2.218749999993E+00,+2.207312500119E+00,+3.437499999652E+00
+31.524000E-06,-1.218749999985E+00,+2.156250000029E+00,+2.191687500112E+00,+3.984374999743E+00
+31.526000E-06,-1.249999999985E+00,+2.109375000022E+00,+2.137000000130E+00,+4.570312499724E+00
+31.528000E-06,-1.296874999978E+00,+2.046875000030E+00,+2.129187500108E+00,+4.999999999797E+00
+31.530000E-06,-1.328124999985E+00,+2.078124999985E+00,+2.129187500104E+00,+5.351562499833E+00
+31.532000E-06,-1.351562499989E+00,+2.156249999963E+00,+2.121375000108E+00,+5.742187499814E+00
+31.534000E-06,-1.390624999981E+00,+2.125000000015E+00,+2.082312500123E+00,+6.289062499740E+00
+31.536000E-06,-1.437499999978E+00,+2.093750000015E+00,+2.074500000108E+00,+6.562499999869E+00
+31.538000E-06,-1.499999999970E+00,+2.078125000007E+00,+2.051062500116E+00,+6.835937499869E+00
+31.540000E-06,-1.539062499981E+00,+2.062500000008E+00,+2.043250000108E+00,+7.070312499888E+00
+31.542000E-06,-1.546874999996E+00,+2.046875000008E+00,+2.043250000104E+00,+7.421874999831E+00
+31.544000E-06,-1.609374999970E+00,+2.031250000008E+00,+2.012000000119E+00,+7.695312499868E+00
+31.546000E-06,-1.640624999985E+00,+1.968750000030E+00,+1.965125000127E+00,+7.773437499962E+00
+31.548000E-06,-1.656249999992E+00,+1.999999999985E+00,+1.957312500108E+00,+7.890624999943E+00
+31.550000E-06,-1.703124999977E+00,+1.968750000015E+00,+1.933875000116E+00,+8.164062499867E+00
+31.552000E-06,-1.749999999977E+00,+1.921875000023E+00,+1.918250000112E+00,+8.281249999943E+00
+31.554000E-06,-1.789062499981E+00,+1.890625000015E+00,+1.894812500116E+00,+8.320312499981E+00
+31.556000E-06,-1.828124999981E+00,+1.875000000008E+00,+1.871375000116E+00,+8.437499999943E+00
+31.558000E-06,-1.867187499981E+00,+1.843750000015E+00,+1.832312500123E+00,+8.632812499904E+00
+31.560000E-06,-1.906249999981E+00,+1.812500000015E+00,+1.816687500112E+00,+8.671874999981E+00
+31.562000E-06,-1.914062499996E+00,+1.843749999985E+00,+1.808875000108E+00,+8.867187499904E+00
+31.564000E-06,-1.929687499992E+00,+1.828125000008E+00,+1.793250000112E+00,+8.906249999981E+00
+31.566000E-06,-1.976562499977E+00,+1.796875000015E+00,+1.746375000128E+00,+9.062499999923E+00
+31.568000E-06,-2.039062499969E+00,+1.781250000008E+00,+1.746375000104E+00,+8.984375000039E+00
+31.570000E-06,-2.054687499992E+00,+1.765625000008E+00,+1.707312500124E+00,+9.062499999961E+00
+31.572000E-06,-2.078124999988E+00,+1.687500000039E+00,+1.699500000108E+00,+9.140624999961E+00
+31.574000E-06,-2.101562499988E+00,+1.734374999977E+00,+1.652625000128E+00,+9.179687499980E+00
+31.576000E-06,-2.164062499969E+00,+1.671875000031E+00,+1.652625000104E+00,+9.257812499961E+00
+31.578000E-06,-2.218749999973E+00,+1.640625000016E+00,+1.597937500132E+00,+9.296874999980E+00
+31.580000E-06,-2.257812499980E+00,+1.625000000008E+00,+1.590125000108E+00,+9.296875000000E+00
+31.582000E-06,-2.265624999996E+00,+1.578125000024E+00,+1.543250000128E+00,+9.414062499941E+00
+31.584000E-06,-2.304687499980E+00,+1.515625000032E+00,+1.527625000112E+00,+9.414062500000E+00
+31.586000E-06,-2.343749999980E+00,+1.500000000008E+00,+1.441687500148E+00,+9.414062500000E+00
+31.588000E-06,-2.382812499980E+00,+1.500000000000E+00,+1.433875000108E+00,+9.375000000020E+00
+31.590000E-06,-2.429687499976E+00,+1.484375000008E+00,+1.410437500116E+00,+9.492187499940E+00
+31.592000E-06,-2.453124999988E+00,+1.484375000000E+00,+1.387000000116E+00,+9.570312499960E+00
+31.594000E-06,-2.468749999992E+00,+1.437500000024E+00,+1.340125000128E+00,+9.531250000020E+00
+31.596000E-06,-2.476562499996E+00,+1.421875000008E+00,+1.308875000120E+00,+9.531250000000E+00
+31.598000E-06,-2.523437499976E+00,+1.375000000024E+00,+1.277625000120E+00,+9.609374999960E+00
+31.600000E-06,-2.562499999980E+00,+1.375000000000E+00,+1.262000000112E+00,+9.648437499980E+00
+31.602000E-06,-2.570312499996E+00,+1.328125000024E+00,+1.238562500116E+00,+9.609375000020E+00
+31.604000E-06,-2.578124999996E+00,+1.343749999992E+00,+1.191687500129E+00,+9.609375000000E+00
+31.606000E-06,-2.601562499988E+00,+1.296875000024E+00,+1.144812500129E+00,+9.687499999959E+00
+31.608000E-06,-2.640624999980E+00,+1.265625000016E+00,+1.090125000133E+00,+9.609375000041E+00
+31.610000E-06,-2.679687499980E+00,+1.250000000008E+00,+1.058875000121E+00,+9.648437499980E+00
+31.612000E-06,-2.703124999988E+00,+1.234375000008E+00,+1.051062500108E+00,+9.609375000020E+00
+31.614000E-06,-2.710937499996E+00,+1.203125000016E+00,+1.004187500129E+00,+9.648437499980E+00
+31.616000E-06,-2.734374999988E+00,+1.140625000033E+00,+965.125000125E-03,+9.726562499959E+00
+31.618000E-06,-2.781249999975E+00,+1.109375000016E+00,+902.625000137E-03,+9.687500000021E+00
+31.620000E-06,-2.804687499988E+00,+1.062500000025E+00,+871.375000121E-03,+9.687500000000E+00
+31.622000E-06,-2.820312499992E+00,+1.062500000000E+00,+840.125000121E-03,+9.804687499938E+00
+31.624000E-06,-2.835937499992E+00,+1.015625000025E+00,+801.062500125E-03,+9.804687500000E+00
+31.626000E-06,-2.843749999996E+00,+953.125000033E-03,+738.562500138E-03,+9.726562500042E+00
+31.628000E-06,-2.874999999983E+00,+906.250000025E-03,+683.875000133E-03,+9.726562500000E+00
+31.630000E-06,-2.898437499987E+00,+890.625000008E-03,+644.812500125E-03,+9.804687499958E+00
+31.632000E-06,-2.921874999987E+00,+859.375000017E-03,+629.187500113E-03,+9.765625000021E+00
+31.634000E-06,-2.945312499987E+00,+828.125000017E-03,+574.500000134E-03,+9.687500000042E+00
+31.636000E-06,-2.945312500000E+00,+765.625000034E-03,+527.625000129E-03,+9.648437500021E+00
+31.638000E-06,-2.968749999987E+00,+750.000000008E-03,+480.750000130E-03,+9.726562499958E+00
+31.640000E-06,-2.992187499987E+00,+734.375000008E-03,+441.687500125E-03,+9.804687499958E+00
+31.642000E-06,-3.007812499992E+00,+671.875000034E-03,+418.250000117E-03,+9.687500000063E+00
+31.644000E-06,-3.023437499992E+00,+671.875000000E-03,+363.562500134E-03,+9.726562499979E+00
+31.646000E-06,-3.031249999996E+00,+640.625000017E-03,+324.500000126E-03,+9.804687499958E+00
+31.648000E-06,-3.062499999983E+00,+562.500000043E-03,+262.000000138E-03,+9.765625000021E+00
+31.650000E-06,-3.078124999991E+00,+546.875000009E-03,+207.312500134E-03,+9.648437500064E+00
+31.652000E-06,-3.078125000000E+00,+500.000000026E-03,+176.062500121E-03,+9.570312500043E+00
+31.654000E-06,-3.078125000000E+00,+484.375000009E-03,+121.375000134E-03,+9.843749999850E+00
+31.656000E-06,-3.093749999991E+00,+437.500000026E-03,+74.500000130E-03,+9.843750000000E+00
+31.658000E-06,-3.085937500004E+00,+406.250000017E-03,+12.000000139E-03,+9.765625000043E+00
+31.660000E-06,-3.101562499991E+00,+343.750000034E-03,-27.062499874E-03,+9.804687499978E+00
+31.662000E-06,-3.109374999996E+00,+312.500000017E-03,-73.937499870E-03,+9.804687500000E+00
+31.664000E-06,-3.101562500004E+00,+265.625000026E-03,-97.374999883E-03,+9.804687500000E+00
+31.666000E-06,-3.109374999996E+00,+203.125000035E-03,-159.874999861E-03,+9.843749999978E+00
+31.668000E-06,-3.132812499987E+00,+187.500000009E-03,-191.124999878E-03,+9.804687500022E+00
+31.670000E-06,-3.156249999987E+00,+187.500000000E-03,-253.624999861E-03,+9.882812499956E+00
+31.672000E-06,-3.156250000000E+00,+93.750000052E-03,-284.874999878E-03,+9.804687500044E+00
+31.674000E-06,-3.156250000000E+00,+31.250000035E-03,-331.749999869E-03,+9.765625000022E+00
+31.676000E-06,-3.164062499996E+00,+18E-12,-394.249999861E-03,+9.726562500022E+00
+31.678000E-06,-3.164062500000E+00,-46.874999974E-03,-441.124999869E-03,+9.804687499956E+00
+31.680000E-06,-3.164062500000E+00,-109.374999965E-03,-480.187499874E-03,+9.804687500000E+00
+31.682000E-06,-3.164062500000E+00,-171.874999965E-03,-527.062499869E-03,+9.726562500044E+00
+31.684000E-06,-3.195312499982E+00,-156.250000009E-03,-558.312499878E-03,+9.726562500000E+00
+31.686000E-06,-3.179687500009E+00,-187.499999982E-03,-612.999999865E-03,+9.843749999934E+00
+31.688000E-06,-3.179687500000E+00,-265.624999956E-03,-652.062499873E-03,+9.765625000044E+00
+31.690000E-06,-3.164062500009E+00,-281.249999991E-03,-706.749999865E-03,+9.726562500022E+00
+31.692000E-06,-3.164062500000E+00,-359.374999955E-03,-769.249999860E-03,+9.726562500000E+00
+31.694000E-06,-3.156250000004E+00,-359.375000000E-03,-800.499999878E-03,+9.843749999933E+00
+31.696000E-06,-3.171874999991E+00,-437.499999955E-03,-831.749999878E-03,+9.804687500022E+00
+31.698000E-06,-3.171875000000E+00,-468.749999982E-03,-862.999999878E-03,+9.765625000022E+00
+31.700000E-06,-3.164062500005E+00,-499.999999982E-03,-925.499999860E-03,+9.726562500022E+00
+31.702000E-06,-3.148437500009E+00,-546.874999973E-03,-980.187499864E-03,+9.843749999932E+00
+31.704000E-06,-3.156249999995E+00,-624.999999955E-03,-1.011437499878E+00,+9.726562500068E+00
+31.706000E-06,-3.140625000009E+00,-671.874999973E-03,-1.066124999864E+00,+9.765624999977E+00
+31.708000E-06,-3.132812500005E+00,-718.749999973E-03,-1.105187499873E+00,+9.726562500023E+00
+31.710000E-06,-3.132812500000E+00,-781.249999964E-03,-1.136437499878E+00,+9.843749999932E+00
+31.712000E-06,-3.132812500000E+00,-843.749999964E-03,-1.175499999873E+00,+9.804687500023E+00
+31.714000E-06,-3.117187500009E+00,-890.624999973E-03,-1.253624999850E+00,+9.726562500046E+00
+31.716000E-06,-3.124999999995E+00,-953.124999963E-03,-1.292687499873E+00,+9.687500000023E+00
+31.718000E-06,-3.085937500023E+00,-1.015624999963E+00,-1.339562499868E+00,+9.804687499931E+00
+31.720000E-06,-3.085937500000E+00,-1.093749999954E+00,-1.362999999882E+00,+9.609375000115E+00
+31.722000E-06,-3.039062500028E+00,-1.140624999972E+00,-1.409874999868E+00,+9.335937500161E+00
+31.724000E-06,-3.062499999986E+00,-1.156249999991E+00,-1.448937499873E+00,+8.593750000438E+00
+31.726000E-06,-3.054687500005E+00,-1.234374999954E+00,-1.511437499859E+00,+7.890625000416E+00
+31.728000E-06,-3.031250000014E+00,-1.328124999944E+00,-1.534874999882E+00,+7.187500000416E+00
+31.730000E-06,-3.015625000009E+00,-1.359374999981E+00,-1.573937499873E+00,+6.367187500487E+00
+31.732000E-06,-3.000000000009E+00,-1.374999999991E+00,-1.605187499877E+00,+5.703125000395E+00
+31.734000E-06,-2.992187500005E+00,-1.390624999991E+00,-1.636437499877E+00,+5.234375000279E+00
+31.736000E-06,-2.960937500019E+00,-1.437499999972E+00,-1.667687499877E+00,+4.765625000280E+00
+31.738000E-06,-2.945312500009E+00,-1.515624999953E+00,-1.730187499858E+00,+4.375000000234E+00
+31.740000E-06,-2.945312500000E+00,-1.609374999944E+00,-1.769249999872E+00,+3.867187500304E+00
+31.742000E-06,-2.945312500000E+00,-1.624999999991E+00,-1.792687499882E+00,+3.671875000117E+00
+31.744000E-06,-2.937500000005E+00,-1.687499999962E+00,-1.784874999900E+00,+3.203125000282E+00
+31.746000E-06,-2.898437500024E+00,-1.687500000000E+00,-1.855187499853E+00,+2.929687500165E+00
+31.748000E-06,-2.882812500009E+00,-1.765624999953E+00,-1.917687499858E+00,+2.656250000165E+00
+31.750000E-06,-2.875000000005E+00,-1.843749999953E+00,-1.956749999872E+00,+2.460937500118E+00
+31.752000E-06,-2.843750000019E+00,-1.906249999962E+00,-1.972374999886E+00,+2.265625000118E+00
+31.754000E-06,-2.835937500005E+00,-1.953124999972E+00,-1.987999999886E+00,+2.031250000142E+00
+31.756000E-06,-2.820312500010E+00,-1.999999999971E+00,-2.019249999877E+00,+1.796875000143E+00
+31.758000E-06,-2.757812500038E+00,-2.015624999990E+00,-2.066124999867E+00,+1.718750000048E+00
+31.760000E-06,-2.734375000014E+00,-2.093749999952E+00,-2.105187499872E+00,+1.445312500167E+00
+31.762000E-06,-2.718750000010E+00,-2.124999999981E+00,-2.136437499877E+00,+1.367187500048E+00
+31.764000E-06,-2.710937500005E+00,-2.125000000000E+00,-2.144249999891E+00,+1.210937500096E+00
+31.766000E-06,-2.679687500019E+00,-2.218749999942E+00,-2.159874999886E+00,+1.132812500048E+00
+31.768000E-06,-2.664062500010E+00,-2.296874999952E+00,-2.214562499862E+00,+937.500000120E-03
+31.770000E-06,-2.617187500029E+00,-2.359374999961E+00,-2.245812499876E+00,+859.375000048E-03
+31.772000E-06,-2.609375000005E+00,-2.437499999952E+00,-2.284874999872E+00,+781.250000048E-03
+31.774000E-06,-2.593750000010E+00,-2.468749999981E+00,-2.292687499891E+00,+781.250000000E-03
+31.776000E-06,-2.570312500015E+00,-2.515624999971E+00,-2.347374999862E+00,+625.000000097E-03
+31.778000E-06,-2.554687500010E+00,-2.593749999951E+00,-2.370812499881E+00,+546.875000049E-03
+31.780000E-06,-2.523437500019E+00,-2.671874999951E+00,-2.402062499876E+00,+390.625000097E-03
+31.782000E-06,-2.476562500029E+00,-2.734374999961E+00,-2.441124999871E+00,+507.812499927E-03
+31.784000E-06,-2.445312500020E+00,-2.828124999941E+00,-2.456749999886E+00,+468.750000024E-03
+31.786000E-06,-2.421875000015E+00,-2.828125000000E+00,-2.487999999876E+00,+351.562500073E-03
+31.788000E-06,-2.398437500015E+00,-2.874999999971E+00,-2.542687499861E+00,+273.437500049E-03
+31.790000E-06,-2.375000000015E+00,-2.890624999990E+00,-2.581749999871E+00,+312.499999975E-03
+31.792000E-06,-2.304687500044E+00,-2.968749999951E+00,-2.573937499901E+00,+312.500000000E-03
+31.794000E-06,-2.289062500010E+00,-3.015624999970E+00,-2.589562499886E+00,+195.312500074E-03
+31.796000E-06,-2.250000000025E+00,-3.062499999970E+00,-2.636437499866E+00,+117.187500049E-03
+31.798000E-06,-2.195312500035E+00,-3.124999999960E+00,-2.644249999891E+00,+234.374999926E-03
+31.800000E-06,-2.164062500020E+00,-3.156249999980E+00,-2.667687499881E+00,+156.250000050E-03
+31.802000E-06,-2.140625000015E+00,-3.234374999950E+00,-2.706749999871E+00,+156.250000000E-03
+31.804000E-06,-2.125000000010E+00,-3.296874999960E+00,-2.698937499901E+00,+39.062500075E-03
+31.806000E-06,-2.101562500015E+00,-3.374999999950E+00,-2.722374999881E+00,+117.187499950E-03
+31.808000E-06,-2.046875000035E+00,-3.375000000000E+00,-2.761437499871E+00,+117.187500000E-03
+31.810000E-06,-2.007812500025E+00,-3.437499999960E+00,-2.784874999881E+00,+39.062500050E-03
+31.812000E-06,-1.960937500030E+00,-3.468749999980E+00,-2.761437499911E+00,+39.062500000E-03
+31.814000E-06,-1.929687500020E+00,-3.531249999960E+00,-2.769249999891E+00,+78.124999975E-03
+31.816000E-06,-1.921875000005E+00,-3.593749999960E+00,-2.792687499881E+00,+39.062500025E-03
+31.818000E-06,-1.890625000020E+00,-3.640624999970E+00,-2.816124999881E+00,+39.062500000E-03
+31.820000E-06,-1.843750000030E+00,-3.671874999980E+00,-2.839562499881E+00,+39.062500000E-03
+31.822000E-06,-1.804687500025E+00,-3.749999999949E+00,-2.839562499896E+00,+78.124999975E-03
+31.824000E-06,-1.757812500030E+00,-3.812499999959E+00,-2.823937499906E+00,+39.062500025E-03
+31.826000E-06,-1.726562500020E+00,-3.859374999969E+00,-2.831749999891E+00,+25E-12
+31.828000E-06,-1.679687500031E+00,-3.890624999980E+00,-2.878624999865E+00,-39.062499975E-03
+31.830000E-06,-1.656250000015E+00,-3.906249999990E+00,-2.886437499891E+00,+78.124999923E-03
+31.832000E-06,-1.617187500026E+00,-4.015624999928E+00,-2.862999999911E+00,+39.062500026E-03
+31.834000E-06,-1.570312500031E+00,-4.015625000000E+00,-2.862999999896E+00,-39.062499949E-03
+31.836000E-06,-1.507812500041E+00,-4.093749999949E+00,-2.878624999885E+00,-39.062500000E-03
+31.838000E-06,-1.492187500010E+00,-4.140624999969E+00,-2.878624999896E+00,-78.124999974E-03
+31.840000E-06,-1.460937500021E+00,-4.203124999959E+00,-2.894249999885E+00,-51E-12
+31.842000E-06,-1.406250000036E+00,-4.218749999990E+00,-2.917687499880E+00,-156.249999897E-03
+31.844000E-06,-1.359375000031E+00,-4.265624999969E+00,-2.902062499906E+00,-117.187500026E-03
+31.846000E-06,-1.312500000031E+00,-4.250000000010E+00,-2.902062499896E+00,-117.187500000E-03
+31.848000E-06,-1.281250000021E+00,-4.296874999969E+00,-2.902062499896E+00,-39.062500052E-03
+31.850000E-06,-1.242187500026E+00,-4.250000000031E+00,-2.933312499875E+00,-156.249999922E-03
+31.852000E-06,-1.218750000016E+00,-4.312499999958E+00,-2.917687499906E+00,-117.187500026E-03
+31.854000E-06,-1.156250000042E+00,-4.328124999990E+00,-2.902062499906E+00,-78.125000026E-03
+31.856000E-06,-1.117187500026E+00,-4.359374999979E+00,-2.902062499896E+00,-39.062500026E-03
+31.858000E-06,-1.070312500031E+00,-4.328125000021E+00,-2.886437499906E+00,-156.249999921E-03
+31.860000E-06,-1.031250000026E+00,-4.312500000010E+00,-2.925499999869E+00,-195.312499974E-03
+31.862000E-06,-976.562500037E-03,-4.281250000021E+00,-2.909874999906E+00,-78.125000079E-03
+31.864000E-06,-937.500000026E-03,-4.281250000000E+00,-2.886437499911E+00,-39.062500026E-03
+31.866000E-06,-890.625000032E-03,-4.250000000021E+00,-2.886437499896E+00,-39.062500000E-03
+31.868000E-06,-859.375000021E-03,-4.250000000000E+00,-2.902062499885E+00,-78.124999974E-03
+31.870000E-06,-804.687500037E-03,-4.250000000000E+00,-2.886437499906E+00,-78.125000000E-03
+31.872000E-06,-781.250000016E-03,-4.234375000011E+00,-2.886437499896E+00,+39.062499921E-03
+31.874000E-06,-742.187500027E-03,-4.171875000042E+00,-2.886437499896E+00,+27E-12
+31.876000E-06,-679.687500043E-03,-4.125000000032E+00,-2.909874999880E+00,-39.062499973E-03
+31.878000E-06,-648.437500021E-03,-4.046875000053E+00,-2.886437499912E+00,-39.062500000E-03
+31.880000E-06,-593.750000037E-03,-4.000000000032E+00,-2.870812499906E+00,-27E-12
+31.882000E-06,-562.500000021E-03,-3.953125000032E+00,-2.886437499885E+00,-156.249999893E-03
+31.884000E-06,-515.625000032E-03,-3.937500000011E+00,-2.902062499885E+00,-39.062500080E-03
+31.886000E-06,-468.750000032E-03,-3.828125000075E+00,-2.894249999901E+00,-39.062500000E-03
+31.888000E-06,-437.500000021E-03,-3.781250000032E+00,-2.862999999917E+00,-117.187499946E-03
+31.890000E-06,-390.625000032E-03,-3.718750000043E+00,-2.870812499890E+00,-156.249999973E-03
+31.892000E-06,-343.750000032E-03,-3.671875000032E+00,-2.886437499885E+00,-117.187500027E-03
+31.894000E-06,-281.250000043E-03,-3.640625000022E+00,-2.909874999879E+00,-81E-12
+31.896000E-06,-257.812500016E-03,-3.609375000022E+00,-2.855187499934E+00,-39.062499973E-03
+31.898000E-06,-203.125000038E-03,-3.500000000076E+00,-2.855187499896E+00,-117.187499946E-03
+31.900000E-06,-148.437500038E-03,-3.421875000054E+00,-2.870812499885E+00,-78.125000027E-03
+31.902000E-06,-117.187500022E-03,-3.468749999967E+00,-2.878624999890E+00,-39.062500027E-03
+31.904000E-06,-85.937500022E-03,-3.421875000033E+00,-2.878624999896E+00,-39.062500000E-03
+31.906000E-06,-39.062500033E-03,-3.406250000011E+00,-2.870812499901E+00,-156.249999918E-03
+31.908000E-06,+15.624999962E-03,-3.343750000044E+00,-2.855187499907E+00,-117.187500027E-03
+31.910000E-06,+54.687499973E-03,-3.328125000011E+00,-2.878624999879E+00,-78.125000027E-03
+31.912000E-06,+109.374999962E-03,-3.281250000033E+00,-2.878624999896E+00,-39.062500027E-03
+31.914000E-06,+148.437499973E-03,-3.234375000033E+00,-2.870812499901E+00,-117.187499945E-03
+31.916000E-06,+203.124999961E-03,-3.187500000033E+00,-2.847374999912E+00,-117.187500000E-03
+31.918000E-06,+249.999999967E-03,-3.187500000000E+00,-2.862999999885E+00,-39.062500055E-03
+31.920000E-06,+289.062499972E-03,-3.187500000000E+00,-2.847374999907E+00,-28E-12
+31.922000E-06,+335.937499967E-03,-3.125000000044E+00,-2.862999999885E+00,-117.187499917E-03
+31.924000E-06,+382.812499967E-03,-3.046875000055E+00,-2.862999999896E+00,-83E-12
+31.926000E-06,+437.499999961E-03,-3.046875000000E+00,-2.847374999907E+00,-39.062499972E-03
+31.928000E-06,+476.562499972E-03,-2.984375000044E+00,-2.831749999907E+00,+39.062499944E-03
+31.930000E-06,+499.999999983E-03,-2.984375000000E+00,-2.808312499912E+00,+273.437499833E-03
+31.932000E-06,+546.874999967E-03,-2.937500000033E+00,-2.855187499862E+00,+820.312499609E-03
+31.934000E-06,+593.749999966E-03,-2.843750000067E+00,-2.839562499907E+00,+1.601562499441E+00
+31.936000E-06,+624.999999978E-03,-2.859374999989E+00,-2.831749999901E+00,+2.343749999468E+00
+31.938000E-06,+648.437499983E-03,-2.781250000056E+00,-2.823937499901E+00,+3.124999999439E+00
+31.940000E-06,+687.499999972E-03,-2.781250000000E+00,-2.839562499884E+00,+3.789062499523E+00
+31.942000E-06,+710.937499983E-03,-2.796874999989E+00,-2.855187499884E+00,+4.414062499550E+00
+31.944000E-06,+781.249999949E-03,-2.828124999977E+00,-2.862999999890E+00,+4.882812499662E+00
+31.946000E-06,+812.499999977E-03,-2.781250000034E+00,-2.823937499924E+00,+5.273437499718E+00
+31.948000E-06,+882.812499949E-03,-2.703125000057E+00,-2.808312499907E+00,+5.703124999689E+00
+31.950000E-06,+914.062499977E-03,-2.640625000045E+00,-2.816124999890E+00,+6.093749999717E+00
+31.952000E-06,+953.124999972E-03,-2.671874999977E+00,-2.831749999884E+00,+6.445312499745E+00
+31.954000E-06,+984.374999977E-03,-2.656250000011E+00,-2.823937499901E+00,+6.718749999801E+00
+31.956000E-06,+1.062499999943E+00,-2.656250000000E+00,-2.800499999913E+00,+7.031249999772E+00
+31.958000E-06,+1.117187499960E+00,-2.640625000011E+00,-2.784874999907E+00,+7.343749999772E+00
+31.960000E-06,+1.148437499977E+00,-2.625000000011E+00,-2.769249999907E+00,+7.539062499857E+00
+31.962000E-06,+1.164062499989E+00,-2.625000000000E+00,-2.761437499901E+00,+7.656249999914E+00
+31.964000E-06,+1.218749999960E+00,-2.656249999977E+00,-2.730187499919E+00,+7.929687499799E+00
+31.966000E-06,+1.249999999977E+00,-2.656250000000E+00,-2.698937499919E+00,+8.085937499885E+00
+31.968000E-06,+1.281249999977E+00,-2.687499999977E+00,-2.644249999936E+00,+8.320312499828E+00
+31.970000E-06,+1.320312499971E+00,-2.687500000000E+00,-2.612999999919E+00,+8.281250000029E+00
+31.972000E-06,+1.351562499977E+00,-2.656250000023E+00,-2.581749999919E+00,+8.554687499798E+00
+31.974000E-06,+1.390624999971E+00,-2.656250000000E+00,-2.542687499925E+00,+8.632812499942E+00
+31.976000E-06,+1.437499999965E+00,-2.671874999988E+00,-2.503624999925E+00,+8.671874999971E+00
+31.978000E-06,+1.476562499971E+00,-2.625000000035E+00,-2.448937499936E+00,+8.867187499855E+00
+31.980000E-06,+1.492187499988E+00,-2.609375000012E+00,-2.378624999948E+00,+8.906249999971E+00
+31.982000E-06,+1.546874999959E+00,-2.609375000000E+00,-2.323937499936E+00,+9.023437499913E+00
+31.984000E-06,+1.593749999965E+00,-2.578125000023E+00,-2.237999999960E+00,+9.101562499942E+00
+31.986000E-06,+1.617187499983E+00,-2.515625000047E+00,-2.167687499948E+00,+9.101562500000E+00
+31.988000E-06,+1.656249999971E+00,-2.500000000012E+00,-2.097374999948E+00,+9.140624999971E+00
+31.990000E-06,+1.703124999965E+00,-2.406250000070E+00,-2.042687499937E+00,+9.257812499912E+00
+31.992000E-06,+1.726562499982E+00,-2.359375000035E+00,-1.972374999948E+00,+9.335937499941E+00
+31.994000E-06,+1.757812499977E+00,-2.265625000070E+00,-1.909874999943E+00,+9.374999999971E+00
+31.996000E-06,+1.789062499976E+00,-2.218750000035E+00,-1.816124999966E+00,+9.375000000000E+00
